country,round,apparatus,location,score,fullname,days_before_event,fullname_mean
GBR,qual,BB,United Kingdom,10.2,Ayesha Abdullahi,1.5973696579101104,10.2
GBR,qual,UB,United Kingdom,10.2,Ayesha Abdullahi,1.5973696579101104,10.2
GBR,qual,BB,United Kingdom,12.966,Ondine Achampong,0.42789419221552827,13.389980392156863
GBR,TeamFinal,BB,United Kingdom,13.7,Ondine Achampong,0.42789419221552827,13.389980392156863
GBR,qual,FX,United Kingdom,13.333,Ondine Achampong,0.42789419221552827,13.389980392156863
GBR,qual,UB,United Kingdom,12.833,Ondine Achampong,0.42789419221552827,13.389980392156863
GBR,TeamFinal,VT,United Kingdom,14.366,Ondine Achampong,0.42789419221552827,13.389980392156863
GBR,qual,VT,United Kingdom,14.466,Ondine Achampong,0.42789419221552827,13.389980392156863
GBR,final,BB,United Kingdom,12.8,Ondine Achampong,1.5973696579101104,13.389980392156863
GBR,qual,BB,United Kingdom,13.65,Ondine Achampong,1.5973696579101104,13.389980392156863
GBR,qual,FX,United Kingdom,12.5,Ondine Achampong,1.5973696579101104,13.389980392156863
GBR,final,UB,United Kingdom,12.9,Ondine Achampong,1.5973696579101104,13.389980392156863
GBR,qual,UB,United Kingdom,13.1,Ondine Achampong,1.5973696579101104,13.389980392156863
GBR,qual,VT,United Kingdom,14.25,Ondine Achampong,1.5973696579101104,13.389980392156863
GBR,final,BB,Germany,13.4,Ondine Achampong,0.8664474918509966,13.389980392156863
GBR,qual,BB,Germany,13.266,Ondine Achampong,0.8664474918509966,13.389980392156863
GBR,TeamFinal,BB,Germany,13.7,Ondine Achampong,0.8664474918509966,13.389980392156863
GBR,qual,FX,Germany,12.666,Ondine Achampong,0.8664474918509966,13.389980392156863
GBR,qual,UB,Germany,12.233,Ondine Achampong,0.8664474918509966,13.389980392156863
GBR,TeamFinal,UB,Germany,12.433,Ondine Achampong,0.8664474918509966,13.389980392156863
GBR,qual,VT,Germany,13.933,Ondine Achampong,0.8664474918509966,13.389980392156863
GBR,TeamFinal,VT,Germany,13.9,Ondine Achampong,0.8664474918509966,13.389980392156863
GBR,AAfinal,BB,Belgium,13.6,Ondine Achampong,-1.3263190063263448,13.389980392156863
GBR,qual,BB,Belgium,13.433,Ondine Achampong,-1.3263190063263448,13.389980392156863
GBR,TeamFinal,BB,Belgium,13.933,Ondine Achampong,-1.3263190063263448,13.389980392156863
GBR,AAfinal,FX,Belgium,12.7,Ondine Achampong,-1.3263190063263448,13.389980392156863
GBR,qual,FX,Belgium,12.866,Ondine Achampong,-1.3263190063263448,13.389980392156863
GBR,AAfinal,UB,Belgium,12.533,Ondine Achampong,-1.3263190063263448,13.389980392156863
GBR,qual,UB,Belgium,12.733,Ondine Achampong,-1.3263190063263448,13.389980392156863
GBR,AAfinal,VT,Belgium,14.133,Ondine Achampong,-1.3263190063263448,13.389980392156863
GBR,TeamFinal,VT,Belgium,14.166,Ondine Achampong,-1.3263190063263448,13.389980392156863
GBR,qual,VT,Belgium,14.3,Ondine Achampong,-1.3263190063263448,13.389980392156863
GBR,final,BB,United Kingdom,13.8,Ondine Achampong,-0.3030279738435855,13.389980392156863
GBR,qual,BB,United Kingdom,13.8,Ondine Achampong,-0.3030279738435855,13.389980392156863
GBR,final,FX,United Kingdom,11.95,Ondine Achampong,-0.3030279738435855,13.389980392156863
GBR,qual,FX,United Kingdom,13.2,Ondine Achampong,-0.3030279738435855,13.389980392156863
GBR,final,UB,United Kingdom,14.1,Ondine Achampong,-0.3030279738435855,13.389980392156863
GBR,qual,UB,United Kingdom,13.7,Ondine Achampong,-0.3030279738435855,13.389980392156863
GBR,qual,VT,United Kingdom,14.3,Ondine Achampong,-0.3030279738435855,13.389980392156863
GBR,final,BB,Turkey,13.533,Ondine Achampong,-0.4126662987524526,13.389980392156863
GBR,qual,BB,Turkey,13.366,Ondine Achampong,-0.4126662987524526,13.389980392156863
GBR,qual,FX,Turkey,13.166,Ondine Achampong,-0.4126662987524526,13.389980392156863
GBR,qual,VT,Turkey,13.966,Ondine Achampong,-0.4126662987524526,13.389980392156863
GBR,AAfinal,BB,United Kingdom,12.5,Ondine Achampong,0.929097963227492,13.389980392156863
GBR,qual,BB,United Kingdom,13.3,Ondine Achampong,0.929097963227492,13.389980392156863
GBR,AAfinal,FX,United Kingdom,13.35,Ondine Achampong,0.929097963227492,13.389980392156863
GBR,final,FX,United Kingdom,13.033,Ondine Achampong,0.929097963227492,13.389980392156863
GBR,qual,FX,United Kingdom,12.55,Ondine Achampong,0.929097963227492,13.389980392156863
GBR,AAfinal,UB,United Kingdom,13.25,Ondine Achampong,0.929097963227492,13.389980392156863
GBR,final,UB,United Kingdom,13.433,Ondine Achampong,0.929097963227492,13.389980392156863
GBR,qual,UB,United Kingdom,13.75,Ondine Achampong,0.929097963227492,13.389980392156863
GBR,AAfinal,VT,United Kingdom,13.9,Ondine Achampong,0.929097963227492,13.389980392156863
GBR,qual,VT,United Kingdom,14.15,Ondine Achampong,0.929097963227492,13.389980392156863
GBR,qual,BB,United Kingdom,9.7,Jess Adamson,1.5973696579101104,10.8625
GBR,qual,FX,United Kingdom,10.45,Jess Adamson,1.5973696579101104,10.8625
GBR,qual,UB,United Kingdom,11.3,Jess Adamson,1.5973696579101104,10.8625
GBR,qual,VT,United Kingdom,12.0,Jess Adamson,1.5973696579101104,10.8625
USA,qual,BB,United States,13.6,Ciena Alipio,0.8351222561627488,12.521875
USA,final,BB,United States,13.95,Ciena Alipio,0.8351222561627488,12.521875
USA,qual,FX,United States,11.95,Ciena Alipio,0.8351222561627488,12.521875
USA,final,FX,United States,11.35,Ciena Alipio,0.8351222561627488,12.521875
USA,qual,UB,United States,12.35,Ciena Alipio,0.8351222561627488,12.521875
USA,final,UB,United States,12.45,Ciena Alipio,0.8351222561627488,12.521875
USA,qual,VT,United States,11.95,Ciena Alipio,0.8351222561627488,12.521875
USA,final,VT,United States,13.2,Ciena Alipio,0.8351222561627488,12.521875
USA,AAfinal,BB,United States,11.4,Ciena Alipio,0.9395397084569079,12.521875
USA,AAfinal,FX,United States,12.2,Ciena Alipio,0.9395397084569079,12.521875
USA,AAfinal,UB,United States,12.45,Ciena Alipio,0.9395397084569079,12.521875
USA,AAfinal,VT,United States,13.3,Ciena Alipio,0.9395397084569079,12.521875
USA,AAfinal,BB,United States,12.25,Ciena Alipio,1.7435540911219332,12.521875
USA,AAfinal,FX,United States,11.85,Ciena Alipio,1.7435540911219332,12.521875
USA,AAfinal,UB,United States,12.9,Ciena Alipio,1.7435540911219332,12.521875
USA,AAfinal,VT,United States,13.2,Ciena Alipio,1.7435540911219332,12.521875
GBR,qual,BB,United Kingdom,11.5,Mei Amorelli,-0.3030279738435855,11.125
GBR,qual,FX,United Kingdom,11.0,Mei Amorelli,-0.3030279738435855,11.125
GBR,qual,UB,United Kingdom,9.9,Mei Amorelli,-0.3030279738435855,11.125
GBR,qual,VT,United Kingdom,12.1,Mei Amorelli,-0.3030279738435855,11.125
KOR,qual,BB,China,12.2,Yeonjeong An,-1.2793311527939732,12.128285714285713
KOR,AAfinal,BB,China,12.533,Yeonjeong An,-1.2793311527939732,12.128285714285713
KOR,qual,FX,China,12.4,Yeonjeong An,-1.2793311527939732,12.128285714285713
KOR,AAfinal,FX,China,12.133,Yeonjeong An,-1.2793311527939732,12.128285714285713
KOR,qual,UB,China,11.333,Yeonjeong An,-1.2793311527939732,12.128285714285713
KOR,AAfinal,UB,China,11.566,Yeonjeong An,-1.2793311527939732,12.128285714285713
KOR,AAfinal,VT,China,12.733,Yeonjeong An,-1.2793311527939732,12.128285714285713
BRA,AAfinal,BB,United Kingdom,13.533,Rebeca Andrade,0.42789419221552827,14.206159090909091
BRA,final,BB,United Kingdom,12.733,Rebeca Andrade,0.42789419221552827,14.206159090909091
BRA,qual,BB,United Kingdom,13.4,Rebeca Andrade,0.42789419221552827,14.206159090909091
BRA,TeamFinal,BB,United Kingdom,12.833,Rebeca Andrade,0.42789419221552827,14.206159090909091
BRA,AAfinal,FX,United Kingdom,14.4,Rebeca Andrade,0.42789419221552827,14.206159090909091
BRA,final,FX,United Kingdom,13.733,Rebeca Andrade,0.42789419221552827,14.206159090909091
BRA,qual,FX,United Kingdom,14.2,Rebeca Andrade,0.42789419221552827,14.206159090909091
BRA,TeamFinal,FX,United Kingdom,14.066,Rebeca Andrade,0.42789419221552827,14.206159090909091
BRA,AAfinal,UB,United Kingdom,13.8,Rebeca Andrade,0.42789419221552827,14.206159090909091
BRA,final,UB,United Kingdom,12.8,Rebeca Andrade,0.42789419221552827,14.206159090909091
BRA,qual,UB,United Kingdom,14.666,Rebeca Andrade,0.42789419221552827,14.206159090909091
BRA,TeamFinal,UB,United Kingdom,14.633,Rebeca Andrade,0.42789419221552827,14.206159090909091
BRA,AAfinal,VT,United Kingdom,15.166,Rebeca Andrade,0.42789419221552827,14.206159090909091
BRA,TeamFinal,VT,United Kingdom,15.166,Rebeca Andrade,0.42789419221552827,14.206159090909091
BRA,qual,VT,United Kingdom,15.066,Rebeca Andrade,0.42789419221552827,14.206159090909091
BRA,qual,VT,United Kingdom,15.066,Rebeca Andrade,0.42789419221552827,14.206159090909091
BRA,qual,VT,United Kingdom,11.466,Rebeca Andrade,0.42789419221552827,14.206159090909091
BRA,qual,UB,France,14.6,Rebeca Andrade,0.6471708420332624,14.206159090909091
BRA,final,UB,France,14.65,Rebeca Andrade,0.6471708420332624,14.206159090909091
BRA,AAfinal,BB,Belgium,13.5,Rebeca Andrade,-1.3263190063263448,14.206159090909091
BRA,final,BB,Belgium,14.3,Rebeca Andrade,-1.3263190063263448,14.206159090909091
BRA,qual,BB,Belgium,13.8,Rebeca Andrade,-1.3263190063263448,14.206159090909091
BRA,TeamFinal,BB,Belgium,13.133,Rebeca Andrade,-1.3263190063263448,14.206159090909091
BRA,AAfinal,FX,Belgium,14.066,Rebeca Andrade,-1.3263190063263448,14.206159090909091
BRA,final,FX,Belgium,14.5,Rebeca Andrade,-1.3263190063263448,14.206159090909091
BRA,qual,FX,Belgium,14.033,Rebeca Andrade,-1.3263190063263448,14.206159090909091
BRA,TeamFinal,FX,Belgium,14.666,Rebeca Andrade,-1.3263190063263448,14.206159090909091
BRA,AAfinal,UB,Belgium,14.5,Rebeca Andrade,-1.3263190063263448,14.206159090909091
BRA,qual,UB,Belgium,13.866,Rebeca Andrade,-1.3263190063263448,14.206159090909091
BRA,TeamFinal,UB,Belgium,14.4,Rebeca Andrade,-1.3263190063263448,14.206159090909091
BRA,AAfinal,VT,Belgium,14.7,Rebeca Andrade,-1.3263190063263448,14.206159090909091
BRA,TeamFinal,VT,Belgium,14.9,Rebeca Andrade,-1.3263190063263448,14.206159090909091
BRA,final,VT,Belgium,15.0,Rebeca Andrade,-1.3263190063263448,14.206159090909091
BRA,qual,VT,Belgium,14.9,Rebeca Andrade,-1.3263190063263448,14.206159090909091
BRA,final,VT,Belgium,14.5,Rebeca Andrade,-1.3263190063263448,14.206159090909091
BRA,qual,VT,Belgium,14.366,Rebeca Andrade,-1.3263190063263448,14.206159090909091
BRA,final,BB,Chile,14.166,Rebeca Andrade,-1.41507384077638,14.206159090909091
BRA,qual,BB,Chile,13.566,Rebeca Andrade,-1.41507384077638,14.206159090909091
BRA,final,UB,Chile,14.333,Rebeca Andrade,-1.41507384077638,14.206159090909091
BRA,qual,UB,Chile,14.3,Rebeca Andrade,-1.41507384077638,14.206159090909091
BRA,final,VT,Chile,15.333,Rebeca Andrade,-1.41507384077638,14.206159090909091
BRA,qual,VT,Chile,15.1,Rebeca Andrade,-1.41507384077638,14.206159090909091
BRA,final,VT,Chile,14.633,Rebeca Andrade,-1.41507384077638,14.206159090909091
BRA,qual,VT,Chile,14.533,Rebeca Andrade,-1.41507384077638,14.206159090909091
ITA,qual,BB,Germany,12.666,Angela Andreoli,0.8664474918509966,13.022692307692306
ITA,final,FX,Germany,13.866,Angela Andreoli,0.8664474918509966,13.022692307692306
ITA,qual,FX,Germany,13.633,Angela Andreoli,0.8664474918509966,13.022692307692306
ITA,qual,VT,Germany,13.133,Angela Andreoli,0.8664474918509966,13.022692307692306
ITA,qual,VT,Germany,13.133,Angela Andreoli,0.8664474918509966,13.022692307692306
ITA,qual,VT,Germany,12.633,Angela Andreoli,0.8664474918509966,13.022692307692306
ITA,qual,BB,Belgium,13.2,Angela Andreoli,-1.3263190063263448,13.022692307692306
ITA,TeamFinal,BB,Belgium,13.033,Angela Andreoli,-1.3263190063263448,13.022692307692306
ITA,qual,UB,Belgium,12.666,Angela Andreoli,-1.3263190063263448,13.022692307692306
ITA,qual,FX,Turkey,13.0,Angela Andreoli,-0.4126662987524526,13.022692307692306
ITA,qual,VT,Turkey,13.033,Angela Andreoli,-0.4126662987524526,13.022692307692306
ITA,qual,VT,Turkey,13.033,Angela Andreoli,-0.4126662987524526,13.022692307692306
ITA,qual,VT,Turkey,12.266,Angela Andreoli,-0.4126662987524526,13.022692307692306
USA,AAfinal,BB,United States,9.7,Leigh Anne Elliott,-0.9974040315997436,10.95
USA,AAfinal,FX,United States,9.0,Leigh Anne Elliott,-0.9974040315997436,10.95
USA,AAfinal,UB,United States,12.25,Leigh Anne Elliott,-0.9974040315997436,10.95
USA,AAfinal,VT,United States,12.85,Leigh Anne Elliott,-0.9974040315997436,10.95
GBR,final,BB,United Kingdom,10.3,Shannon Archer,1.5973696579101104,12.603727272727271
GBR,qual,BB,United Kingdom,12.5,Shannon Archer,1.5973696579101104,12.603727272727271
GBR,final,FX,United Kingdom,12.9,Shannon Archer,1.5973696579101104,12.603727272727271
GBR,qual,FX,United Kingdom,12.65,Shannon Archer,1.5973696579101104,12.603727272727271
GBR,qual,UB,United Kingdom,11.65,Shannon Archer,1.5973696579101104,12.603727272727271
GBR,final,VT,United Kingdom,12.35,Shannon Archer,1.5973696579101104,12.603727272727271
GBR,qual,VT,United Kingdom,13.85,Shannon Archer,1.5973696579101104,12.603727272727271
GBR,final,VT,United Kingdom,12.85,Shannon Archer,1.5973696579101104,12.603727272727271
GBR,qual,VT,United Kingdom,12.9,Shannon Archer,1.5973696579101104,12.603727272727271
GBR,AAfinal,BB,United Kingdom,12.7,Shannon Archer,0.929097963227492,12.603727272727271
GBR,qual,BB,United Kingdom,11.95,Shannon Archer,0.929097963227492,12.603727272727271
GBR,AAfinal,FX,United Kingdom,11.5,Shannon Archer,0.929097963227492,12.603727272727271
GBR,qual,FX,United Kingdom,12.4,Shannon Archer,0.929097963227492,12.603727272727271
GBR,AAfinal,UB,United Kingdom,11.4,Shannon Archer,0.929097963227492,12.603727272727271
GBR,final,UB,United Kingdom,12.366,Shannon Archer,0.929097963227492,12.603727272727271
GBR,qual,UB,United Kingdom,12.25,Shannon Archer,0.929097963227492,12.603727272727271
GBR,AAfinal,VT,United Kingdom,13.7,Shannon Archer,0.929097963227492,12.603727272727271
GBR,qual,VT,United Kingdom,13.9,Shannon Archer,0.929097963227492,12.603727272727271
GBR,final,VT,United Kingdom,13.266,Shannon Archer,0.929097963227492,12.603727272727271
GBR,qual,VT,United Kingdom,13.9,Shannon Archer,0.929097963227492,12.603727272727271
GBR,final,VT,United Kingdom,12.9,Shannon Archer,0.929097963227492,12.603727272727271
GBR,qual,VT,United Kingdom,13.1,Shannon Archer,0.929097963227492,12.603727272727271
JPN,final,BB,Belgium,14.066,Urara Ashikawa,-1.3263190063263448,13.616166666666667
JPN,qual,BB,Belgium,14.0,Urara Ashikawa,-1.3263190063263448,13.616166666666667
JPN,TeamFinal,BB,Belgium,13.766,Urara Ashikawa,-1.3263190063263448,13.616166666666667
JPN,final,BB,Germany,14.066,Urara Ashikawa,-0.15684354063176276,13.616166666666667
JPN,qual,BB,Germany,13.133,Urara Ashikawa,-0.15684354063176276,13.616166666666667
JPN,qual,FX,Germany,12.666,Urara Ashikawa,-0.15684354063176276,13.616166666666667
GBR,qual,BB,United Kingdom,10.55,Amelie Attwood,1.5973696579101104,10.9875
GBR,qual,FX,United Kingdom,11.35,Amelie Attwood,1.5973696579101104,10.9875
GBR,qual,UB,United Kingdom,10.2,Amelie Attwood,1.5973696579101104,10.9875
GBR,qual,VT,United Kingdom,11.85,Amelie Attwood,1.5973696579101104,10.9875
GBR,qual,BB,United Kingdom,10.6,Sacha Bailey,1.5973696579101104,10.889999999999999
GBR,qual,FX,United Kingdom,11.35,Sacha Bailey,1.5973696579101104,10.889999999999999
GBR,qual,UB,United Kingdom,10.2,Sacha Bailey,1.5973696579101104,10.889999999999999
GBR,qual,VT,United Kingdom,12.1,Sacha Bailey,1.5973696579101104,10.889999999999999
GBR,qual,VT,United Kingdom,11.35,Sacha Bailey,1.5973696579101104,10.889999999999999
GBR,qual,BB,United Kingdom,10.6,Sacha Bailey,-0.3030279738435855,10.889999999999999
GBR,qual,FX,United Kingdom,10.1,Sacha Bailey,-0.3030279738435855,10.889999999999999
GBR,qual,UB,United Kingdom,9.45,Sacha Bailey,-0.3030279738435855,10.889999999999999
GBR,qual,VT,United Kingdom,12.25,Sacha Bailey,-0.3030279738435855,10.889999999999999
GBR,qual,VT,United Kingdom,10.9,Sacha Bailey,-0.3030279738435855,10.889999999999999
GBR,qual,BB,United Kingdom,10.3,Shannon Baker,1.5973696579101104,11.25625
GBR,qual,FX,United Kingdom,11.7,Shannon Baker,1.5973696579101104,11.25625
GBR,qual,UB,United Kingdom,10.9,Shannon Baker,1.5973696579101104,11.25625
GBR,qual,VT,United Kingdom,11.95,Shannon Baker,1.5973696579101104,11.25625
GBR,qual,BB,United Kingdom,11.65,Shannon Baker,-0.3030279738435855,11.25625
GBR,qual,FX,United Kingdom,11.7,Shannon Baker,-0.3030279738435855,11.25625
GBR,qual,UB,United Kingdom,9.5,Shannon Baker,-0.3030279738435855,11.25625
GBR,qual,VT,United Kingdom,12.35,Shannon Baker,-0.3030279738435855,11.25625
BRA,qual,FX,Germany,11.4,Gabriela Barbosa,-0.2664818655406298,12.1
BRA,qual,UB,Germany,12.25,Gabriela Barbosa,-0.2664818655406298,12.1
BRA,qual,VT,Germany,12.65,Gabriela Barbosa,-0.2664818655406298,12.1
BRA,qual,BB,Belgium,12.4,Jade Barbosa,-1.3263190063263448,12.92357142857143
BRA,qual,FX,Belgium,12.833,Jade Barbosa,-1.3263190063263448,12.92357142857143
BRA,qual,UB,Belgium,12.766,Jade Barbosa,-1.3263190063263448,12.92357142857143
BRA,TeamFinal,VT,Belgium,13.933,Jade Barbosa,-1.3263190063263448,12.92357142857143
BRA,qual,VT,Belgium,13.833,Jade Barbosa,-1.3263190063263448,12.92357142857143
BRA,qual,UB,Croatia,11.166,Jade Barbosa,-0.7050351651760981,12.92357142857143
BRA,AAfinal,BB,Chile,12.9,Jade Barbosa,-1.41507384077638,12.92357142857143
BRA,qual,BB,Chile,12.6,Jade Barbosa,-1.41507384077638,12.92357142857143
BRA,AAfinal,FX,Chile,13.433,Jade Barbosa,-1.41507384077638,12.92357142857143
BRA,qual,FX,Chile,13.333,Jade Barbosa,-1.41507384077638,12.92357142857143
BRA,AAfinal,UB,Chile,13.1,Jade Barbosa,-1.41507384077638,12.92357142857143
BRA,qual,UB,Chile,10.933,Jade Barbosa,-1.41507384077638,12.92357142857143
BRA,AAfinal,VT,Chile,13.9,Jade Barbosa,-1.41507384077638,12.92357142857143
BRA,qual,VT,Chile,13.8,Jade Barbosa,-1.41507384077638,12.92357142857143
ROU,AAfinal,BB,United Kingdom,12.733,Ana Barbosu,0.42789419221552827,12.921340909090908
ROU,qual,BB,United Kingdom,12.5,Ana Barbosu,0.42789419221552827,12.921340909090908
ROU,AAfinal,FX,United Kingdom,11.933,Ana Barbosu,0.42789419221552827,12.921340909090908
ROU,qual,FX,United Kingdom,13.3,Ana Barbosu,0.42789419221552827,12.921340909090908
ROU,AAfinal,UB,United Kingdom,12.766,Ana Barbosu,0.42789419221552827,12.921340909090908
ROU,qual,UB,United Kingdom,13.433,Ana Barbosu,0.42789419221552827,12.921340909090908
ROU,AAfinal,VT,United Kingdom,13.1,Ana Barbosu,0.42789419221552827,12.921340909090908
ROU,qual,VT,United Kingdom,13.0,Ana Barbosu,0.42789419221552827,12.921340909090908
ROU,final,BB,Turkey,13.95,Ana Barbosu,0.574078625427351,12.921340909090908
ROU,qual,BB,Turkey,13.9,Ana Barbosu,0.574078625427351,12.921340909090908
ROU,qual,FX,Turkey,13.3,Ana Barbosu,0.574078625427351,12.921340909090908
ROU,final,FX,Turkey,12.9,Ana Barbosu,0.574078625427351,12.921340909090908
ROU,qual,UB,Turkey,13.6,Ana Barbosu,0.574078625427351,12.921340909090908
ROU,final,UB,Turkey,13.6,Ana Barbosu,0.574078625427351,12.921340909090908
ROU,final,BB,Croatia,12.433,Ana Barbosu,1.1953624665775977,12.921340909090908
ROU,qual,BB,Croatia,12.933,Ana Barbosu,1.1953624665775977,12.921340909090908
ROU,final,FX,Croatia,13.333,Ana Barbosu,1.1953624665775977,12.921340909090908
ROU,qual,FX,Croatia,13.366,Ana Barbosu,1.1953624665775977,12.921340909090908
ROU,qual,UB,Croatia,10.2,Ana Barbosu,1.1953624665775977,12.921340909090908
ROU,qual,VT,Croatia,12.7,Ana Barbosu,1.1953624665775977,12.921340909090908
ROU,qual,VT,Croatia,12.366,Ana Barbosu,1.1953624665775977,12.921340909090908
ROU,final,BB,Germany,11.566,Ana Barbosu,0.8664474918509966,12.921340909090908
ROU,qual,BB,Germany,13.533,Ana Barbosu,0.8664474918509966,12.921340909090908
ROU,final,FX,Germany,13.633,Ana Barbosu,0.8664474918509966,12.921340909090908
ROU,qual,FX,Germany,13.266,Ana Barbosu,0.8664474918509966,12.921340909090908
ROU,qual,UB,Germany,13.5,Ana Barbosu,0.8664474918509966,12.921340909090908
ROU,qual,VT,Germany,12.733,Ana Barbosu,0.8664474918509966,12.921340909090908
ROU,AAfinal,BB,Belgium,13.533,Ana Barbosu,-1.3263190063263448,12.921340909090908
ROU,qual,BB,Belgium,12.866,Ana Barbosu,-1.3263190063263448,12.921340909090908
ROU,AAfinal,FX,Belgium,11.6,Ana Barbosu,-1.3263190063263448,12.921340909090908
ROU,qual,FX,Belgium,13.2,Ana Barbosu,-1.3263190063263448,12.921340909090908
ROU,AAfinal,UB,Belgium,11.666,Ana Barbosu,-1.3263190063263448,12.921340909090908
ROU,qual,UB,Belgium,13.366,Ana Barbosu,-1.3263190063263448,12.921340909090908
ROU,AAfinal,VT,Belgium,13.366,Ana Barbosu,-1.3263190063263448,12.921340909090908
ROU,qual,VT,Belgium,13.5,Ana Barbosu,-1.3263190063263448,12.921340909090908
ROU,AAfinal,BB,Turkey,12.933,Ana Barbosu,-0.4126662987524526,12.921340909090908
ROU,qual,BB,Turkey,12.8,Ana Barbosu,-0.4126662987524526,12.921340909090908
ROU,AAfinal,FX,Turkey,12.033,Ana Barbosu,-0.4126662987524526,12.921340909090908
ROU,final,FX,Turkey,12.8,Ana Barbosu,-0.4126662987524526,12.921340909090908
ROU,qual,FX,Turkey,13.233,Ana Barbosu,-0.4126662987524526,12.921340909090908
ROU,AAfinal,UB,Turkey,13.133,Ana Barbosu,-0.4126662987524526,12.921340909090908
ROU,qual,UB,Turkey,13.6,Ana Barbosu,-0.4126662987524526,12.921340909090908
ROU,AAfinal,VT,Turkey,13.4,Ana Barbosu,-0.4126662987524526,12.921340909090908
ROU,qual,VT,Turkey,11.933,Ana Barbosu,-0.4126662987524526,12.921340909090908
USA,AAfinal,BB,United States,13.1,Sydney Barros,1.7435540911219332,12.95
USA,AAfinal,FX,United States,12.6,Sydney Barros,1.7435540911219332,12.95
USA,AAfinal,UB,United States,13.0,Sydney Barros,1.7435540911219332,12.95
USA,AAfinal,VT,United States,13.1,Sydney Barros,1.7435540911219332,12.95
NED,qual,BB,Croatia,9.233,Esmée Beekhuis,1.1953624665775977,11.4915
NED,qual,UB,Croatia,11.7,Esmée Beekhuis,1.1953624665775977,11.4915
NED,qual,VT,Croatia,12.9,Esmée Beekhuis,1.1953624665775977,11.4915
NED,qual,VT,Croatia,12.133,Esmée Beekhuis,1.1953624665775977,11.4915
ITA,qual,FX,Belgium,13.266,Arianna Belardelli,-1.3263190063263448,13.152
ITA,TeamFinal,FX,Belgium,13.133,Arianna Belardelli,-1.3263190063263448,13.152
ITA,TeamFinal,VT,Belgium,13.766,Arianna Belardelli,-1.3263190063263448,13.152
ITA,qual,VT,Belgium,13.833,Arianna Belardelli,-1.3263190063263448,13.152
ITA,final,FX,Azerbaijan,12.8,Arianna Belardelli,-0.22993575723767412,13.152
ITA,qual,FX,Azerbaijan,12.433,Arianna Belardelli,-0.22993575723767412,13.152
ITA,qual,UB,Azerbaijan,12.833,Arianna Belardelli,-0.22993575723767412,13.152
GBR,qual,BB,United Kingdom,10.2,Ellie Belbin,-0.3030279738435855,11.771428571428572
GBR,qual,FX,United Kingdom,11.45,Ellie Belbin,-0.3030279738435855,11.771428571428572
GBR,qual,UB,United Kingdom,9.25,Ellie Belbin,-0.3030279738435855,11.771428571428572
GBR,final,VT,United Kingdom,13.25,Ellie Belbin,-0.3030279738435855,11.771428571428572
GBR,qual,VT,United Kingdom,13.25,Ellie Belbin,-0.3030279738435855,11.771428571428572
GBR,final,VT,United Kingdom,12.7,Ellie Belbin,-0.3030279738435855,11.771428571428572
GBR,qual,VT,United Kingdom,12.3,Ellie Belbin,-0.3030279738435855,11.771428571428572
GBR,qual,BB,United Kingdom,9.75,Zadie Berkin Evans,1.5973696579101104,9.75
GBR,qual,UB,United Kingdom,9.75,Zadie Berkin Evans,1.5973696579101104,9.75
USA,AAfinal,BB,Belgium,14.433,Simone Biles,-1.3263190063263448,14.697033333333334
USA,final,BB,Belgium,14.8,Simone Biles,-1.3263190063263448,14.697033333333334
USA,qual,BB,Belgium,14.566,Simone Biles,-1.3263190063263448,14.697033333333334
USA,TeamFinal,BB,Belgium,14.3,Simone Biles,-1.3263190063263448,14.697033333333334
USA,AAfinal,FX,Belgium,14.533,Simone Biles,-1.3263190063263448,14.697033333333334
USA,final,FX,Belgium,14.633,Simone Biles,-1.3263190063263448,14.697033333333334
USA,qual,FX,Belgium,14.633,Simone Biles,-1.3263190063263448,14.697033333333334
USA,TeamFinal,FX,Belgium,15.166,Simone Biles,-1.3263190063263448,14.697033333333334
USA,AAfinal,UB,Belgium,14.333,Simone Biles,-1.3263190063263448,14.697033333333334
USA,final,UB,Belgium,14.2,Simone Biles,-1.3263190063263448,14.697033333333334
USA,qual,UB,Belgium,14.4,Simone Biles,-1.3263190063263448,14.697033333333334
USA,TeamFinal,UB,Belgium,14.466,Simone Biles,-1.3263190063263448,14.697033333333334
USA,AAfinal,VT,Belgium,15.1,Simone Biles,-1.3263190063263448,14.697033333333334
USA,TeamFinal,VT,Belgium,14.8,Simone Biles,-1.3263190063263448,14.697033333333334
USA,final,VT,Belgium,14.433,Simone Biles,-1.3263190063263448,14.697033333333334
USA,qual,VT,Belgium,15.266,Simone Biles,-1.3263190063263448,14.697033333333334
USA,final,VT,Belgium,14.666,Simone Biles,-1.3263190063263448,14.697033333333334
USA,qual,VT,Belgium,14.633,Simone Biles,-1.3263190063263448,14.697033333333334
USA,AAfinal,BB,United States,14.8,Simone Biles,-0.9974040315997436,14.697033333333334
USA,AAfinal,FX,United States,14.9,Simone Biles,-0.9974040315997436,14.697033333333334
USA,AAfinal,UB,United States,14.0,Simone Biles,-0.9974040315997436,14.697033333333334
USA,AAfinal,VT,United States,15.4,Simone Biles,-0.9974040315997436,14.697033333333334
USA,qual,BB,United States,14.45,Simone Biles,-1.1070423565086107,14.697033333333334
USA,final,BB,United States,14.85,Simone Biles,-1.1070423565086107,14.697033333333334
USA,qual,FX,United States,14.8,Simone Biles,-1.1070423565086107,14.697033333333334
USA,final,FX,United States,15.4,Simone Biles,-1.1070423565086107,14.697033333333334
USA,qual,UB,United States,14.35,Simone Biles,-1.1070423565086107,14.697033333333334
USA,final,UB,United States,14.05,Simone Biles,-1.1070423565086107,14.697033333333334
USA,qual,VT,United States,15.7,Simone Biles,-1.1070423565086107,14.697033333333334
USA,final,VT,United States,14.85,Simone Biles,-1.1070423565086107,14.697033333333334
CAN,qual,BB,France,13.0,Elsabeth Black,0.6471708420332624,13.647235294117646
CAN,final,BB,France,13.7,Elsabeth Black,0.6471708420332624,13.647235294117646
CAN,final,UB,France,13.85,Elsabeth Black,0.6471708420332624,13.647235294117646
CAN,qual,UB,France,13.9,Elsabeth Black,0.6471708420332624,13.647235294117646
CAN,AAfinal,BB,United Kingdom,13.433,Elsabeth Black,0.42789419221552827,13.647235294117646
CAN,final,BB,United Kingdom,13.566,Elsabeth Black,0.42789419221552827,13.647235294117646
CAN,qual,BB,United Kingdom,13.266,Elsabeth Black,0.42789419221552827,13.647235294117646
CAN,TeamFinal,BB,United Kingdom,13.833,Elsabeth Black,0.42789419221552827,13.647235294117646
CAN,AAfinal,FX,United Kingdom,13.333,Elsabeth Black,0.42789419221552827,13.647235294117646
CAN,qual,FX,United Kingdom,13.266,Elsabeth Black,0.42789419221552827,13.647235294117646
CAN,TeamFinal,FX,United Kingdom,13.1,Elsabeth Black,0.42789419221552827,13.647235294117646
CAN,AAfinal,UB,United Kingdom,13.933,Elsabeth Black,0.42789419221552827,13.647235294117646
CAN,qual,UB,United Kingdom,13.933,Elsabeth Black,0.42789419221552827,13.647235294117646
CAN,TeamFinal,UB,United Kingdom,14.033,Elsabeth Black,0.42789419221552827,13.647235294117646
CAN,AAfinal,VT,United Kingdom,14.033,Elsabeth Black,0.42789419221552827,13.647235294117646
CAN,TeamFinal,VT,United Kingdom,14.2,Elsabeth Black,0.42789419221552827,13.647235294117646
CAN,final,VT,United Kingdom,14.2,Elsabeth Black,0.42789419221552827,13.647235294117646
CAN,qual,VT,United Kingdom,13.666,Elsabeth Black,0.42789419221552827,13.647235294117646
CAN,qual,VT,United Kingdom,13.666,Elsabeth Black,0.42789419221552827,13.647235294117646
CAN,final,VT,United Kingdom,14.033,Elsabeth Black,0.42789419221552827,13.647235294117646
CAN,qual,VT,United Kingdom,13.833,Elsabeth Black,0.42789419221552827,13.647235294117646
CAN,AAfinal,BB,Belgium,12.933,Elsabeth Black,-1.3263190063263448,13.647235294117646
CAN,qual,BB,Belgium,13.566,Elsabeth Black,-1.3263190063263448,13.647235294117646
CAN,AAfinal,FX,Belgium,12.9,Elsabeth Black,-1.3263190063263448,13.647235294117646
CAN,qual,FX,Belgium,13.4,Elsabeth Black,-1.3263190063263448,13.647235294117646
CAN,AAfinal,UB,Belgium,12.133,Elsabeth Black,-1.3263190063263448,13.647235294117646
CAN,final,UB,Belgium,13.8,Elsabeth Black,-1.3263190063263448,13.647235294117646
CAN,qual,UB,Belgium,14.133,Elsabeth Black,-1.3263190063263448,13.647235294117646
CAN,AAfinal,VT,Belgium,14.0,Elsabeth Black,-1.3263190063263448,13.647235294117646
CAN,final,VT,Belgium,14.0,Elsabeth Black,-1.3263190063263448,13.647235294117646
CAN,qual,VT,Belgium,13.966,Elsabeth Black,-1.3263190063263448,13.647235294117646
CAN,qual,VT,Belgium,13.966,Elsabeth Black,-1.3263190063263448,13.647235294117646
CAN,final,VT,Belgium,13.866,Elsabeth Black,-1.3263190063263448,13.647235294117646
CAN,qual,VT,Belgium,13.566,Elsabeth Black,-1.3263190063263448,13.647235294117646
USA,final,BB,United Kingdom,13.3,Skye Blakely,0.42789419221552827,13.626666666666667
USA,qual,BB,United Kingdom,13.733,Skye Blakely,0.42789419221552827,13.626666666666667
USA,TeamFinal,BB,United Kingdom,13.266,Skye Blakely,0.42789419221552827,13.626666666666667
USA,qual,FX,United Kingdom,13.6,Skye Blakely,0.42789419221552827,13.626666666666667
USA,qual,UB,United Kingdom,12.566,Skye Blakely,0.42789419221552827,13.626666666666667
USA,qual,BB,United States,13.45,Skye Blakely,0.8351222561627488,13.626666666666667
USA,final,BB,United States,12.95,Skye Blakely,0.8351222561627488,13.626666666666667
USA,qual,FX,United States,13.3,Skye Blakely,0.8351222561627488,13.626666666666667
USA,final,FX,United States,13.45,Skye Blakely,0.8351222561627488,13.626666666666667
USA,qual,UB,United States,13.85,Skye Blakely,0.8351222561627488,13.626666666666667
USA,final,UB,United States,13.9,Skye Blakely,0.8351222561627488,13.626666666666667
USA,qual,VT,United States,14.1,Skye Blakely,0.8351222561627488,13.626666666666667
USA,final,VT,United States,14.3,Skye Blakely,0.8351222561627488,13.626666666666667
USA,AAfinal,BB,United States,13.5,Skye Blakely,1.7435540911219332,13.626666666666667
USA,AAfinal,FX,United States,13.25,Skye Blakely,1.7435540911219332,13.626666666666667
USA,AAfinal,UB,United States,13.15,Skye Blakely,1.7435540911219332,13.626666666666667
USA,AAfinal,VT,United States,13.8,Skye Blakely,1.7435540911219332,13.626666666666667
USA,qual,BB,Belgium,11.866,Skye Blakely,-1.3263190063263448,13.626666666666667
USA,qual,UB,Belgium,14.133,Skye Blakely,-1.3263190063263448,13.626666666666667
USA,TeamFinal,UB,Belgium,14.166,Skye Blakely,-1.3263190063263448,13.626666666666667
USA,AAfinal,BB,United States,14.3,Skye Blakely,-0.9974040315997436,13.626666666666667
USA,AAfinal,UB,United States,14.35,Skye Blakely,-0.9974040315997436,13.626666666666667
USA,AAfinal,VT,United States,14.1,Skye Blakely,-0.9974040315997436,13.626666666666667
USA,qual,BB,United States,14.05,Skye Blakely,-1.1070423565086107,13.626666666666667
USA,final,BB,United States,14.2,Skye Blakely,-1.1070423565086107,13.626666666666667
USA,qual,FX,United States,12.9,Skye Blakely,-1.1070423565086107,13.626666666666667
USA,final,FX,United States,12.2,Skye Blakely,-1.1070423565086107,13.626666666666667
USA,qual,UB,United States,14.4,Skye Blakely,-1.1070423565086107,13.626666666666667
USA,final,UB,United States,14.4,Skye Blakely,-1.1070423565086107,13.626666666666667
USA,qual,VT,United States,14.35,Skye Blakely,-1.1070423565086107,13.626666666666667
USA,final,VT,United States,14.25,Skye Blakely,-1.1070423565086107,13.626666666666667
USA,AAfinal,BB,United States,13.4,Skye Blakely,-0.15684354063176276,13.626666666666667
USA,AAfinal,UB,United States,13.15,Skye Blakely,-0.15684354063176276,13.626666666666667
USA,qual,BB,United States,12.7,Charlotte Booth,0.8351222561627488,12.675
USA,final,BB,United States,12.35,Charlotte Booth,0.8351222561627488,12.675
USA,qual,FX,United States,12.1,Charlotte Booth,0.8351222561627488,12.675
USA,final,FX,United States,12.15,Charlotte Booth,0.8351222561627488,12.675
USA,qual,UB,United States,12.3,Charlotte Booth,0.8351222561627488,12.675
USA,final,UB,United States,13.4,Charlotte Booth,0.8351222561627488,12.675
USA,qual,VT,United States,13.5,Charlotte Booth,0.8351222561627488,12.675
USA,final,VT,United States,13.6,Charlotte Booth,0.8351222561627488,12.675
USA,AAfinal,BB,United States,11.7,Charlotte Booth,0.9395397084569079,12.675
USA,AAfinal,UB,United States,13.4,Charlotte Booth,0.9395397084569079,12.675
USA,AAfinal,BB,United States,10.6,Charlotte Booth,1.7435540911219332,12.675
USA,AAfinal,FX,United States,12.1,Charlotte Booth,1.7435540911219332,12.675
USA,AAfinal,UB,United States,12.65,Charlotte Booth,1.7435540911219332,12.675
USA,AAfinal,VT,United States,13.7,Charlotte Booth,1.7435540911219332,12.675
USA,AAfinal,BB,United States,11.8,Charlotte Booth,-0.9974040315997436,12.675
USA,AAfinal,FX,United States,12.8,Charlotte Booth,-0.9974040315997436,12.675
USA,AAfinal,UB,United States,13.65,Charlotte Booth,-0.9974040315997436,12.675
USA,AAfinal,VT,United States,13.7,Charlotte Booth,-0.9974040315997436,12.675
USA,qual,BB,United States,12.5,Charlotte Booth,-1.1070423565086107,12.675
USA,final,BB,United States,11.3,Charlotte Booth,-1.1070423565086107,12.675
USA,qual,FX,United States,12.5,Charlotte Booth,-1.1070423565086107,12.675
USA,final,FX,United States,11.2,Charlotte Booth,-1.1070423565086107,12.675
USA,qual,UB,United States,13.1,Charlotte Booth,-1.1070423565086107,12.675
USA,final,UB,United States,13.35,Charlotte Booth,-1.1070423565086107,12.675
USA,qual,VT,United States,13.6,Charlotte Booth,-1.1070423565086107,12.675
USA,final,VT,United States,13.4,Charlotte Booth,-1.1070423565086107,12.675
USA,AAfinal,BB,United States,12.05,Charlotte Booth,-0.15684354063176276,12.675
USA,AAfinal,FX,United States,11.75,Charlotte Booth,-0.15684354063176276,12.675
USA,AAfinal,UB,United States,13.75,Charlotte Booth,-0.15684354063176276,12.675
USA,AAfinal,VT,United States,13.55,Charlotte Booth,-0.15684354063176276,12.675
GBR,qual,UB,United Kingdom,10.95,Isabella Bottger,-0.3030279738435855,10.95
FRA,final,BB,United Kingdom,13.3,Marine Boyer,0.42789419221552827,13.085575757575757
FRA,qual,BB,United Kingdom,13.666,Marine Boyer,0.42789419221552827,13.085575757575757
FRA,TeamFinal,BB,United Kingdom,13.666,Marine Boyer,0.42789419221552827,13.085575757575757
FRA,qual,FX,United Kingdom,13.3,Marine Boyer,0.42789419221552827,13.085575757575757
FRA,TeamFinal,FX,United Kingdom,13.133,Marine Boyer,0.42789419221552827,13.085575757575757
FRA,qual,UB,United Kingdom,12.8,Marine Boyer,0.42789419221552827,13.085575757575757
FRA,qual,BB,France,12.85,Marine Boyer,0.6471708420332624,13.085575757575757
FRA,final,BB,France,13.75,Marine Boyer,0.6471708420332624,13.085575757575757
FRA,qual,BB,Germany,13.0,Marine Boyer,0.8664474918509966,13.085575757575757
FRA,TeamFinal,BB,Germany,12.866,Marine Boyer,0.8664474918509966,13.085575757575757
FRA,qual,FX,Germany,12.366,Marine Boyer,0.8664474918509966,13.085575757575757
FRA,TeamFinal,FX,Germany,12.7,Marine Boyer,0.8664474918509966,13.085575757575757
FRA,qual,VT,Germany,13.2,Marine Boyer,0.8664474918509966,13.085575757575757
FRA,qual,BB,Belgium,13.4,Marine Boyer,-1.3263190063263448,13.085575757575757
FRA,TeamFinal,BB,Belgium,13.733,Marine Boyer,-1.3263190063263448,13.085575757575757
FRA,qual,FX,Belgium,12.0,Marine Boyer,-1.3263190063263448,13.085575757575757
FRA,TeamFinal,FX,Belgium,12.633,Marine Boyer,-1.3263190063263448,13.085575757575757
FRA,qual,UB,Belgium,12.7,Marine Boyer,-1.3263190063263448,13.085575757575757
FRA,TeamFinal,UB,Belgium,12.866,Marine Boyer,-1.3263190063263448,13.085575757575757
FRA,TeamFinal,VT,Belgium,13.266,Marine Boyer,-1.3263190063263448,13.085575757575757
FRA,qual,VT,Belgium,13.366,Marine Boyer,-1.3263190063263448,13.085575757575757
FRA,final,BB,Azerbaijan,13.866,Marine Boyer,-0.22993575723767412,13.085575757575757
FRA,qual,BB,Azerbaijan,13.633,Marine Boyer,-0.22993575723767412,13.085575757575757
FRA,final,FX,Azerbaijan,12.833,Marine Boyer,-0.22993575723767412,13.085575757575757
FRA,qual,FX,Azerbaijan,12.966,Marine Boyer,-0.22993575723767412,13.085575757575757
FRA,qual,BB,Turkey,12.366,Marine Boyer,-0.4126662987524526,13.085575757575757
FRA,qual,FX,Turkey,12.733,Marine Boyer,-0.4126662987524526,13.085575757575757
FRA,qual,UB,Turkey,12.5,Marine Boyer,-0.4126662987524526,13.085575757575757
FRA,qual,VT,Turkey,13.333,Marine Boyer,-0.4126662987524526,13.085575757575757
FRA,qual,BB,Israel,13.833,Marine Boyer,-0.6684890568731424,13.085575757575757
FRA,final,BB,Israel,13.567,Marine Boyer,-0.6684890568731424,13.085575757575757
FRA,final,FX,Israel,13.033,Marine Boyer,-0.6684890568731424,13.085575757575757
FRA,qual,FX,Israel,12.6,Marine Boyer,-0.6684890568731424,13.085575757575757
GBR,qual,BB,United Kingdom,9.15,Jacinta Brackley,1.5973696579101104,9.5
GBR,qual,FX,United Kingdom,10.25,Jacinta Brackley,1.5973696579101104,9.5
GBR,qual,UB,United Kingdom,9.1,Jacinta Brackley,1.5973696579101104,9.5
GBR,qual,BB,United Kingdom,11.45,Emily Bremner,1.5973696579101104,11.8375
GBR,qual,FX,United Kingdom,11.2,Emily Bremner,1.5973696579101104,11.8375
GBR,qual,UB,United Kingdom,11.25,Emily Bremner,1.5973696579101104,11.8375
GBR,qual,VT,United Kingdom,12.85,Emily Bremner,1.5973696579101104,11.8375
GBR,qual,BB,United Kingdom,11.5,Emily Bremner,0.929097963227492,11.8375
GBR,qual,FX,United Kingdom,12.05,Emily Bremner,0.929097963227492,11.8375
GBR,qual,UB,United Kingdom,11.55,Emily Bremner,0.929097963227492,11.8375
GBR,qual,VT,United Kingdom,12.85,Emily Bremner,0.929097963227492,11.8375
GBR,qual,BB,United Kingdom,6.75,Anna Bridge,1.5973696579101104,9.6375
GBR,qual,FX,United Kingdom,10.15,Anna Bridge,1.5973696579101104,9.6375
GBR,qual,UB,United Kingdom,9.8,Anna Bridge,1.5973696579101104,9.6375
GBR,qual,VT,United Kingdom,11.85,Anna Bridge,1.5973696579101104,9.6375
GBR,qual,BB,United Kingdom,10.05,Megan Bridge,1.5973696579101104,9.25
GBR,qual,FX,United Kingdom,3.05,Megan Bridge,1.5973696579101104,9.25
GBR,qual,UB,United Kingdom,7.75,Megan Bridge,1.5973696579101104,9.25
GBR,qual,VT,United Kingdom,13.1,Megan Bridge,1.5973696579101104,9.25
GBR,qual,VT,United Kingdom,12.3,Megan Bridge,1.5973696579101104,9.25
AUS,qual,FX,United Kingdom,11.133,Georgia Rose Brown,0.42789419221552827,12.809285714285712
AUS,qual,UB,United Kingdom,13.4,Georgia Rose Brown,0.42789419221552827,12.809285714285712
AUS,qual,VT,United Kingdom,13.0,Georgia Rose Brown,0.42789419221552827,12.809285714285712
AUS,final,UB,Azerbaijan,13.633,Georgia Rose Brown,-0.22993575723767412,12.809285714285712
AUS,qual,UB,Azerbaijan,13.5,Georgia Rose Brown,-0.22993575723767412,12.809285714285712
AUS,final,UB,Qatar,12.466,Georgia Rose Brown,-0.18816877632001047,12.809285714285712
AUS,qual,UB,Qatar,12.533,Georgia Rose Brown,-0.18816877632001047,12.809285714285712
AUS,AAfinal,BB,United Kingdom,11.2,Romi Brown,0.42789419221552827,12.608615384615385
AUS,qual,BB,United Kingdom,12.266,Romi Brown,0.42789419221552827,12.608615384615385
AUS,AAfinal,FX,United Kingdom,11.433,Romi Brown,0.42789419221552827,12.608615384615385
AUS,qual,FX,United Kingdom,12.733,Romi Brown,0.42789419221552827,12.608615384615385
AUS,AAfinal,UB,United Kingdom,13.466,Romi Brown,0.42789419221552827,12.608615384615385
AUS,qual,UB,United Kingdom,13.566,Romi Brown,0.42789419221552827,12.608615384615385
AUS,AAfinal,VT,United Kingdom,13.166,Romi Brown,0.42789419221552827,12.608615384615385
AUS,qual,VT,United Kingdom,13.166,Romi Brown,0.42789419221552827,12.608615384615385
AUS,final,FX,United Kingdom,11.766,Romi Brown,0.929097963227492,12.608615384615385
AUS,qual,FX,United Kingdom,12.75,Romi Brown,0.929097963227492,12.608615384615385
AUS,qual,UB,United Kingdom,13.4,Romi Brown,0.929097963227492,12.608615384615385
AUS,qual,BB,Germany,12.6,Romi Brown,-0.2664818655406298,12.608615384615385
AUS,qual,UB,Germany,12.4,Romi Brown,-0.2664818655406298,12.608615384615385
AUS,qual,BB,Croatia,11.433,Annabelle Burrows,-0.7050351651760981,12.453875
AUS,final,FX,Croatia,12.333,Annabelle Burrows,-0.7050351651760981,12.453875
AUS,qual,FX,Croatia,12.7,Annabelle Burrows,-0.7050351651760981,12.453875
AUS,qual,UB,Croatia,11.966,Annabelle Burrows,-0.7050351651760981,12.453875
AUS,qual,VT,Croatia,13.266,Annabelle Burrows,-0.7050351651760981,12.453875
AUS,final,VT,Croatia,13.633,Annabelle Burrows,-0.7050351651760981,12.453875
AUS,qual,VT,Croatia,12.1,Annabelle Burrows,-0.7050351651760981,12.453875
AUS,final,VT,Croatia,12.2,Annabelle Burrows,-0.7050351651760981,12.453875
USA,AAfinal,BB,United Kingdom,12.633,Jade Carey,0.42789419221552827,13.749025641025641
USA,qual,BB,United Kingdom,13.133,Jade Carey,0.42789419221552827,13.749025641025641
USA,TeamFinal,BB,United Kingdom,12.8,Jade Carey,0.42789419221552827,13.749025641025641
USA,AAfinal,FX,United Kingdom,14.166,Jade Carey,0.42789419221552827,13.749025641025641
USA,final,FX,United Kingdom,13.733,Jade Carey,0.42789419221552827,13.749025641025641
USA,qual,FX,United Kingdom,14.066,Jade Carey,0.42789419221552827,13.749025641025641
USA,TeamFinal,FX,United Kingdom,14.1,Jade Carey,0.42789419221552827,13.749025641025641
USA,AAfinal,UB,United Kingdom,13.166,Jade Carey,0.42789419221552827,13.749025641025641
USA,qual,UB,United Kingdom,13.333,Jade Carey,0.42789419221552827,13.749025641025641
USA,AAfinal,VT,United Kingdom,14.733,Jade Carey,0.42789419221552827,13.749025641025641
USA,TeamFinal,VT,United Kingdom,14.8,Jade Carey,0.42789419221552827,13.749025641025641
USA,final,VT,United Kingdom,14.733,Jade Carey,0.42789419221552827,13.749025641025641
USA,qual,VT,United Kingdom,14.6,Jade Carey,0.42789419221552827,13.749025641025641
USA,qual,VT,United Kingdom,14.6,Jade Carey,0.42789419221552827,13.749025641025641
USA,final,VT,United Kingdom,14.3,Jade Carey,0.42789419221552827,13.749025641025641
USA,qual,VT,United Kingdom,14.366,Jade Carey,0.42789419221552827,13.749025641025641
USA,final,BB,France,13.75,Jade Carey,0.6471708420332624,13.749025641025641
USA,qual,BB,France,13.4,Jade Carey,0.6471708420332624,13.749025641025641
USA,final,VT,France,14.75,Jade Carey,0.6471708420332624,13.749025641025641
USA,qual,VT,France,14.55,Jade Carey,0.6471708420332624,13.749025641025641
USA,final,VT,France,14.0,Jade Carey,0.6471708420332624,13.749025641025641
USA,qual,VT,France,14.15,Jade Carey,0.6471708420332624,13.749025641025641
USA,qual,BB,United States,13.2,Jade Carey,0.8351222561627488,13.749025641025641
USA,final,BB,United States,13.3,Jade Carey,0.8351222561627488,13.749025641025641
USA,qual,FX,United States,14.05,Jade Carey,0.8351222561627488,13.749025641025641
USA,final,FX,United States,13.85,Jade Carey,0.8351222561627488,13.749025641025641
USA,qual,UB,United States,13.6,Jade Carey,0.8351222561627488,13.749025641025641
USA,final,UB,United States,13.45,Jade Carey,0.8351222561627488,13.749025641025641
USA,qual,VT,United States,14.8,Jade Carey,0.8351222561627488,13.749025641025641
USA,final,VT,United States,14.65,Jade Carey,0.8351222561627488,13.749025641025641
USA,AAfinal,BB,United States,13.0,Jade Carey,-0.9974040315997436,13.749025641025641
USA,qual,BB,United States,12.15,Jade Carey,-1.1070423565086107,13.749025641025641
USA,final,BB,United States,12.05,Jade Carey,-1.1070423565086107,13.749025641025641
USA,qual,FX,United States,13.35,Jade Carey,-1.1070423565086107,13.749025641025641
USA,final,FX,United States,13.1,Jade Carey,-1.1070423565086107,13.749025641025641
USA,qual,UB,United States,12.05,Jade Carey,-1.1070423565086107,13.749025641025641
USA,final,UB,United States,13.25,Jade Carey,-1.1070423565086107,13.749025641025641
USA,qual,VT,United States,13.95,Jade Carey,-1.1070423565086107,13.749025641025641
USA,final,VT,United States,14.55,Jade Carey,-1.1070423565086107,13.749025641025641
GBR,qual,BB,United Kingdom,10.2,Charlotte Cassidy,1.5973696579101104,10.6125
GBR,qual,FX,United Kingdom,10.3,Charlotte Cassidy,1.5973696579101104,10.6125
GBR,qual,UB,United Kingdom,10.0,Charlotte Cassidy,1.5973696579101104,10.6125
GBR,qual,VT,United Kingdom,11.95,Charlotte Cassidy,1.5973696579101104,10.6125
USA,AAfinal,BB,United States,12.7,Dulcy Caylor,-0.9974040315997436,12.8125
USA,AAfinal,FX,United States,12.65,Dulcy Caylor,-0.9974040315997436,12.8125
USA,AAfinal,UB,United States,12.9,Dulcy Caylor,-0.9974040315997436,12.8125
USA,AAfinal,VT,United States,13.7,Dulcy Caylor,-0.9974040315997436,12.8125
USA,qual,BB,United States,12.2,Dulcy Caylor,-1.1070423565086107,12.8125
USA,final,BB,United States,12.4,Dulcy Caylor,-1.1070423565086107,12.8125
USA,qual,FX,United States,12.9,Dulcy Caylor,-1.1070423565086107,12.8125
USA,final,FX,United States,12.75,Dulcy Caylor,-1.1070423565086107,12.8125
USA,qual,UB,United States,12.0,Dulcy Caylor,-1.1070423565086107,12.8125
USA,final,UB,United States,12.75,Dulcy Caylor,-1.1070423565086107,12.8125
USA,qual,VT,United States,13.9,Dulcy Caylor,-1.1070423565086107,12.8125
USA,final,VT,United States,13.6,Dulcy Caylor,-1.1070423565086107,12.8125
USA,AAfinal,BB,United States,11.95,Dulcy Caylor,-0.15684354063176276,12.8125
USA,AAfinal,FX,United States,11.85,Dulcy Caylor,-0.15684354063176276,12.8125
USA,AAfinal,UB,United States,13.35,Dulcy Caylor,-0.15684354063176276,12.8125
USA,AAfinal,VT,United States,13.4,Dulcy Caylor,-0.15684354063176276,12.8125
GBR,qual,BB,United Kingdom,11.8,Olivia Cham,1.5973696579101104,11.2375
GBR,qual,FX,United Kingdom,11.9,Olivia Cham,1.5973696579101104,11.2375
GBR,qual,UB,United Kingdom,8.75,Olivia Cham,1.5973696579101104,11.2375
GBR,qual,VT,United Kingdom,12.5,Olivia Cham,1.5973696579101104,11.2375
FRA,qual,BB,Azerbaijan,13.0,Lorette Charpy,1.5608235496071545,13.358538461538462
FRA,final,BB,Azerbaijan,12.966,Lorette Charpy,1.5608235496071545,13.358538461538462
FRA,qual,FX,Azerbaijan,12.566,Lorette Charpy,1.5608235496071545,13.358538461538462
FRA,final,FX,Azerbaijan,12.666,Lorette Charpy,1.5608235496071545,13.358538461538462
FRA,final,UB,Azerbaijan,13.866,Lorette Charpy,1.5608235496071545,13.358538461538462
FRA,qual,UB,Azerbaijan,13.733,Lorette Charpy,1.5608235496071545,13.358538461538462
FRA,final,UB,Germany,14.166,Lorette Charpy,0.8664474918509966,13.358538461538462
FRA,qual,UB,Germany,13.833,Lorette Charpy,0.8664474918509966,13.358538461538462
FRA,TeamFinal,UB,Germany,13.266,Lorette Charpy,0.8664474918509966,13.358538461538462
FRA,qual,BB,Belgium,12.4,Lorette Charpy,-1.3263190063263448,13.358538461538462
FRA,final,UB,Belgium,12.933,Lorette Charpy,-1.3263190063263448,13.358538461538462
FRA,qual,UB,Belgium,14.133,Lorette Charpy,-1.3263190063263448,13.358538461538462
FRA,TeamFinal,UB,Belgium,14.133,Lorette Charpy,-1.3263190063263448,13.358538461538462
USA,qual,BB,United Kingdom,11.366,Jordan Chiles,0.42789419221552827,13.748901960784313
USA,TeamFinal,BB,United Kingdom,13.333,Jordan Chiles,0.42789419221552827,13.748901960784313
USA,final,FX,United Kingdom,13.833,Jordan Chiles,0.42789419221552827,13.748901960784313
USA,qual,FX,United Kingdom,14.1,Jordan Chiles,0.42789419221552827,13.748901960784313
USA,TeamFinal,FX,United Kingdom,14.0,Jordan Chiles,0.42789419221552827,13.748901960784313
USA,qual,UB,United Kingdom,14.066,Jordan Chiles,0.42789419221552827,13.748901960784313
USA,TeamFinal,UB,United Kingdom,14.1,Jordan Chiles,0.42789419221552827,13.748901960784313
USA,TeamFinal,VT,United Kingdom,14.4,Jordan Chiles,0.42789419221552827,13.748901960784313
USA,final,VT,United Kingdom,14.5,Jordan Chiles,0.42789419221552827,13.748901960784313
USA,qual,VT,United Kingdom,14.466,Jordan Chiles,0.42789419221552827,13.748901960784313
USA,qual,VT,United Kingdom,14.466,Jordan Chiles,0.42789419221552827,13.748901960784313
USA,final,VT,United Kingdom,14.2,Jordan Chiles,0.42789419221552827,13.748901960784313
USA,qual,VT,United Kingdom,14.166,Jordan Chiles,0.42789419221552827,13.748901960784313
USA,final,FX,France,14.05,Jordan Chiles,0.6471708420332624,13.748901960784313
USA,qual,FX,France,13.5,Jordan Chiles,0.6471708420332624,13.748901960784313
USA,final,UB,France,13.75,Jordan Chiles,0.6471708420332624,13.748901960784313
USA,qual,UB,France,13.4,Jordan Chiles,0.6471708420332624,13.748901960784313
USA,final,VT,France,14.15,Jordan Chiles,0.6471708420332624,13.748901960784313
USA,qual,VT,France,14.1,Jordan Chiles,0.6471708420332624,13.748901960784313
USA,qual,VT,France,13.8,Jordan Chiles,0.6471708420332624,13.748901960784313
USA,final,VT,France,13.9,Jordan Chiles,0.6471708420332624,13.748901960784313
USA,qual,BB,United States,13.6,Jordan Chiles,0.8351222561627488,13.748901960784313
USA,final,BB,United States,13.45,Jordan Chiles,0.8351222561627488,13.748901960784313
USA,qual,FX,United States,13.95,Jordan Chiles,0.8351222561627488,13.748901960784313
USA,final,FX,United States,13.9,Jordan Chiles,0.8351222561627488,13.748901960784313
USA,qual,UB,United States,14.25,Jordan Chiles,0.8351222561627488,13.748901960784313
USA,final,UB,United States,14.1,Jordan Chiles,0.8351222561627488,13.748901960784313
USA,qual,VT,United States,14.35,Jordan Chiles,0.8351222561627488,13.748901960784313
USA,final,VT,United States,14.3,Jordan Chiles,0.8351222561627488,13.748901960784313
USA,AAfinal,BB,United States,12.8,Jordan Chiles,-0.9974040315997436,13.748901960784313
USA,AAfinal,UB,United States,13.9,Jordan Chiles,-0.9974040315997436,13.748901960784313
USA,qual,BB,United States,13.0,Jordan Chiles,-1.1070423565086107,13.748901960784313
USA,final,BB,United States,12.1,Jordan Chiles,-1.1070423565086107,13.748901960784313
USA,qual,FX,United States,13.1,Jordan Chiles,-1.1070423565086107,13.748901960784313
USA,final,FX,United States,13.85,Jordan Chiles,-1.1070423565086107,13.748901960784313
USA,qual,UB,United States,14.2,Jordan Chiles,-1.1070423565086107,13.748901960784313
USA,final,UB,United States,12.95,Jordan Chiles,-1.1070423565086107,13.748901960784313
USA,qual,VT,United States,14.3,Jordan Chiles,-1.1070423565086107,13.748901960784313
USA,final,VT,United States,14.25,Jordan Chiles,-1.1070423565086107,13.748901960784313
USA,AAfinal,BB,Chile,13.466,Jordan Chiles,-1.41507384077638,13.748901960784313
USA,qual,BB,Chile,13.0,Jordan Chiles,-1.41507384077638,13.748901960784313
USA,AAfinal,FX,Chile,13.533,Jordan Chiles,-1.41507384077638,13.748901960784313
USA,qual,FX,Chile,13.2,Jordan Chiles,-1.41507384077638,13.748901960784313
USA,AAfinal,UB,Chile,12.7,Jordan Chiles,-1.41507384077638,13.748901960784313
USA,final,UB,Chile,12.4,Jordan Chiles,-1.41507384077638,13.748901960784313
USA,qual,UB,Chile,14.1,Jordan Chiles,-1.41507384077638,13.748901960784313
USA,AAfinal,VT,Chile,14.3,Jordan Chiles,-1.41507384077638,13.748901960784313
USA,qual,VT,Chile,14.366,Jordan Chiles,-1.41507384077638,13.748901960784313
USA,final,VT,Chile,14.4,Jordan Chiles,-1.41507384077638,13.748901960784313
USA,final,VT,Chile,13.9,Jordan Chiles,-1.41507384077638,13.748901960784313
USA,qual,VT,Chile,13.833,Jordan Chiles,-1.41507384077638,13.748901960784313
USA,AAfinal,BB,United States,10.5,Chloe Cho,-0.9974040315997436,11.54375
USA,AAfinal,FX,United States,12.25,Chloe Cho,-0.9974040315997436,11.54375
USA,AAfinal,UB,United States,10.95,Chloe Cho,-0.9974040315997436,11.54375
USA,AAfinal,VT,United States,12.95,Chloe Cho,-0.9974040315997436,11.54375
USA,AAfinal,BB,United States,9.4,Chloe Cho,-0.15684354063176276,11.54375
USA,AAfinal,FX,United States,11.4,Chloe Cho,-0.15684354063176276,11.54375
USA,AAfinal,UB,United States,12.0,Chloe Cho,-0.15684354063176276,11.54375
USA,AAfinal,VT,United States,12.9,Chloe Cho,-0.15684354063176276,11.54375
KOR,qual,BB,China,11.666,Dasol Choi,-0.9921831589850356,10.7995
KOR,qual,FX,China,10.766,Dasol Choi,-0.9921831589850356,10.7995
KOR,qual,UB,China,8.766,Dasol Choi,-0.9921831589850356,10.7995
KOR,qual,VT,China,12.0,Dasol Choi,-0.9921831589850356,10.7995
USA,AAfinal,BB,United States,10.5,Norah Christian,-0.9974040315997436,11.54375
USA,AAfinal,FX,United States,11.1,Norah Christian,-0.9974040315997436,11.54375
USA,AAfinal,UB,United States,12.9,Norah Christian,-0.9974040315997436,11.54375
USA,AAfinal,VT,United States,12.9,Norah Christian,-0.9974040315997436,11.54375
USA,AAfinal,BB,United States,10.4,Norah Christian,-0.15684354063176276,11.54375
USA,AAfinal,FX,United States,11.45,Norah Christian,-0.15684354063176276,11.54375
USA,AAfinal,UB,United States,11.2,Norah Christian,-0.15684354063176276,11.54375
USA,AAfinal,VT,United States,11.9,Norah Christian,-0.15684354063176276,11.54375
GBR,qual,FX,United Kingdom,11.95,Jerusha Clarke,1.5973696579101104,11.033333333333333
GBR,qual,UB,United Kingdom,9.35,Jerusha Clarke,1.5973696579101104,11.033333333333333
GBR,qual,VT,United Kingdom,11.8,Jerusha Clarke,1.5973696579101104,11.033333333333333
USA,AAfinal,UB,United States,10.75,Adriana Consoli,1.7435540911219332,11.7
USA,AAfinal,VT,United States,12.65,Adriana Consoli,1.7435540911219332,11.7
ROU,qual,FX,Belgium,12.733,Lilia Cosman,-1.3263190063263448,13.046199999999999
ROU,qual,UB,Belgium,13.033,Lilia Cosman,-1.3263190063263448,13.046199999999999
ROU,qual,VT,Belgium,13.633,Lilia Cosman,-1.3263190063263448,13.046199999999999
ROU,qual,UB,Turkey,12.666,Lilia Cosman,-0.4126662987524526,13.046199999999999
ROU,qual,VT,Turkey,13.166,Lilia Cosman,-0.4126662987524526,13.046199999999999
ITA,AAfinal,BB,United Kingdom,12.533,Alice D Amato,0.42789419221552827,13.6830625
ITA,qual,BB,United Kingdom,12.133,Alice D Amato,0.42789419221552827,13.6830625
ITA,AAfinal,FX,United Kingdom,13.066,Alice D Amato,0.42789419221552827,13.6830625
ITA,qual,FX,United Kingdom,13.6,Alice D Amato,0.42789419221552827,13.6830625
ITA,TeamFinal,FX,United Kingdom,13.133,Alice D Amato,0.42789419221552827,13.6830625
ITA,AAfinal,UB,United Kingdom,13.266,Alice D Amato,0.42789419221552827,13.6830625
ITA,qual,UB,United Kingdom,14.4,Alice D Amato,0.42789419221552827,13.6830625
ITA,TeamFinal,UB,United Kingdom,13.5,Alice D Amato,0.42789419221552827,13.6830625
ITA,AAfinal,VT,United Kingdom,14.166,Alice D Amato,0.42789419221552827,13.6830625
ITA,TeamFinal,VT,United Kingdom,14.3,Alice D Amato,0.42789419221552827,13.6830625
ITA,qual,VT,United Kingdom,14.233,Alice D Amato,0.42789419221552827,13.6830625
ITA,qual,FX,Germany,13.5,Alice D Amato,0.8664474918509966,13.6830625
ITA,TeamFinal,FX,Germany,13.333,Alice D Amato,0.8664474918509966,13.6830625
ITA,final,UB,Germany,14.4,Alice D Amato,0.8664474918509966,13.6830625
ITA,qual,UB,Germany,14.566,Alice D Amato,0.8664474918509966,13.6830625
ITA,TeamFinal,UB,Germany,14.633,Alice D Amato,0.8664474918509966,13.6830625
ITA,qual,VT,Germany,13.666,Alice D Amato,0.8664474918509966,13.6830625
ITA,TeamFinal,VT,Germany,14.1,Alice D Amato,0.8664474918509966,13.6830625
ITA,AAfinal,BB,Belgium,13.166,Alice D Amato,-1.3263190063263448,13.6830625
ITA,qual,BB,Belgium,12.533,Alice D Amato,-1.3263190063263448,13.6830625
ITA,AAfinal,FX,Belgium,12.5,Alice D Amato,-1.3263190063263448,13.6830625
ITA,qual,FX,Belgium,13.4,Alice D Amato,-1.3263190063263448,13.6830625
ITA,TeamFinal,FX,Belgium,13.3,Alice D Amato,-1.3263190063263448,13.6830625
ITA,AAfinal,UB,Belgium,14.666,Alice D Amato,-1.3263190063263448,13.6830625
ITA,qual,UB,Belgium,13.033,Alice D Amato,-1.3263190063263448,13.6830625
ITA,TeamFinal,UB,Belgium,13.2,Alice D Amato,-1.3263190063263448,13.6830625
ITA,AAfinal,VT,Belgium,13.933,Alice D Amato,-1.3263190063263448,13.6830625
ITA,TeamFinal,VT,Belgium,14.166,Alice D Amato,-1.3263190063263448,13.6830625
ITA,qual,VT,Belgium,14.0,Alice D Amato,-1.3263190063263448,13.6830625
ITA,final,FX,Egypt,13.5,Alice D Amato,-0.48575851535836395,13.6830625
ITA,qual,FX,Egypt,13.566,Alice D Amato,-0.48575851535836395,13.6830625
ITA,final,UB,Egypt,14.633,Alice D Amato,-0.48575851535836395,13.6830625
ITA,qual,UB,Egypt,14.466,Alice D Amato,-0.48575851535836395,13.6830625
ITA,final,FX,Germany,13.133,Alice D Amato,-0.15684354063176276,13.6830625
ITA,qual,FX,Germany,13.466,Alice D Amato,-0.15684354063176276,13.6830625
ITA,final,UB,Germany,14.5,Alice D Amato,-0.15684354063176276,13.6830625
ITA,qual,UB,Germany,14.5,Alice D Amato,-0.15684354063176276,13.6830625
ITA,AAfinal,BB,Turkey,13.0,Alice D Amato,-0.4126662987524526,13.6830625
ITA,final,BB,Turkey,13.3,Alice D Amato,-0.4126662987524526,13.6830625
ITA,qual,BB,Turkey,13.033,Alice D Amato,-0.4126662987524526,13.6830625
ITA,AAfinal,FX,Turkey,13.1,Alice D Amato,-0.4126662987524526,13.6830625
ITA,final,FX,Turkey,13.433,Alice D Amato,-0.4126662987524526,13.6830625
ITA,qual,FX,Turkey,13.366,Alice D Amato,-0.4126662987524526,13.6830625
ITA,AAfinal,UB,Turkey,14.4,Alice D Amato,-0.4126662987524526,13.6830625
ITA,final,UB,Turkey,14.466,Alice D Amato,-0.4126662987524526,13.6830625
ITA,qual,UB,Turkey,14.5,Alice D Amato,-0.4126662987524526,13.6830625
ITA,AAfinal,VT,Turkey,14.0,Alice D Amato,-0.4126662987524526,13.6830625
ITA,qual,VT,Turkey,14.0,Alice D Amato,-0.4126662987524526,13.6830625
ITA,qual,BB,Germany,13.5,Asia D Amato,0.8664474918509966,13.594439999999999
ITA,TeamFinal,BB,Germany,13.8,Asia D Amato,0.8664474918509966,13.594439999999999
ITA,qual,FX,Germany,13.566,Asia D Amato,0.8664474918509966,13.594439999999999
ITA,TeamFinal,FX,Germany,13.566,Asia D Amato,0.8664474918509966,13.594439999999999
ITA,qual,UB,Germany,13.9,Asia D Amato,0.8664474918509966,13.594439999999999
ITA,TeamFinal,UB,Germany,14.0,Asia D Amato,0.8664474918509966,13.594439999999999
ITA,final,VT,Germany,14.1,Asia D Amato,0.8664474918509966,13.594439999999999
ITA,qual,VT,Germany,13.766,Asia D Amato,0.8664474918509966,13.594439999999999
ITA,qual,VT,Germany,13.766,Asia D Amato,0.8664474918509966,13.594439999999999
ITA,TeamFinal,VT,Germany,13.833,Asia D Amato,0.8664474918509966,13.594439999999999
ITA,final,VT,Germany,13.333,Asia D Amato,0.8664474918509966,13.594439999999999
ITA,qual,VT,Germany,13.6,Asia D Amato,0.8664474918509966,13.594439999999999
ITA,qual,BB,Egypt,13.433,Asia D Amato,-0.48575851535836395,13.594439999999999
ITA,qual,FX,Egypt,11.833,Asia D Amato,-0.48575851535836395,13.594439999999999
ITA,final,VT,Egypt,14.1,Asia D Amato,-0.48575851535836395,13.594439999999999
ITA,qual,VT,Egypt,14.133,Asia D Amato,-0.48575851535836395,13.594439999999999
ITA,final,VT,Egypt,13.1,Asia D Amato,-0.48575851535836395,13.594439999999999
ITA,qual,VT,Egypt,13.9,Asia D Amato,-0.48575851535836395,13.594439999999999
ITA,qual,BB,Turkey,12.5,Asia D Amato,-0.4126662987524526,13.594439999999999
ITA,qual,UB,Turkey,14.166,Asia D Amato,-0.4126662987524526,13.594439999999999
ITA,final,VT,Turkey,14.0,Asia D Amato,-0.4126662987524526,13.594439999999999
ITA,qual,VT,Turkey,13.933,Asia D Amato,-0.4126662987524526,13.594439999999999
ITA,qual,VT,Turkey,13.933,Asia D Amato,-0.4126662987524526,13.594439999999999
ITA,final,VT,Turkey,13.2,Asia D Amato,-0.4126662987524526,13.594439999999999
ITA,qual,VT,Turkey,12.9,Asia D Amato,-0.4126662987524526,13.594439999999999
BRA,TeamFinal,BB,Colombia,12.3,Julia Das Neves Botega Soares,-0.6319429485701867,12.795172413793104
BRA,qual,BB,Colombia,12.433,Julia Das Neves Botega Soares,-0.6319429485701867,12.795172413793104
BRA,TeamFinal,FX,Colombia,13.033,Julia Das Neves Botega Soares,-0.6319429485701867,12.795172413793104
BRA,qual,FX,Colombia,12.9,Julia Das Neves Botega Soares,-0.6319429485701867,12.795172413793104
BRA,TeamFinal,UB,Colombia,12.0,Julia Das Neves Botega Soares,-0.6319429485701867,12.795172413793104
BRA,qual,UB,Colombia,12.633,Julia Das Neves Botega Soares,-0.6319429485701867,12.795172413793104
BRA,qual,VT,Colombia,12.533,Julia Das Neves Botega Soares,-0.6319429485701867,12.795172413793104
GBR,final,BB,United Kingdom,12.65,Grace Davies,-0.3030279738435855,12.478571428571428
GBR,qual,BB,United Kingdom,12.65,Grace Davies,-0.3030279738435855,12.478571428571428
GBR,qual,FX,United Kingdom,12.05,Grace Davies,-0.3030279738435855,12.478571428571428
GBR,final,UB,United Kingdom,11.75,Grace Davies,-0.3030279738435855,12.478571428571428
GBR,qual,UB,United Kingdom,12.95,Grace Davies,-0.3030279738435855,12.478571428571428
GBR,qual,VT,United Kingdom,12.75,Grace Davies,-0.3030279738435855,12.478571428571428
GBR,qual,VT,United Kingdom,12.55,Grace Davies,-0.3030279738435855,12.478571428571428
GBR,qual,BB,United Kingdom,11.4,Mabelle Dawson,-0.3030279738435855,10.5875
GBR,qual,FX,United Kingdom,10.2,Mabelle Dawson,-0.3030279738435855,10.5875
GBR,qual,UB,United Kingdom,8.95,Mabelle Dawson,-0.3030279738435855,10.5875
GBR,qual,VT,United Kingdom,11.8,Mabelle Dawson,-0.3030279738435855,10.5875
GBR,qual,BB,United Kingdom,11.2,Jessica Daykin,1.5973696579101104,11.2
GBR,qual,FX,United Kingdom,11.45,Jessica Daykin,1.5973696579101104,11.2
GBR,qual,UB,United Kingdom,9.35,Jessica Daykin,1.5973696579101104,11.2
GBR,qual,VT,United Kingdom,12.8,Jessica Daykin,1.5973696579101104,11.2
FRA,AAfinal,BB,Belgium,13.466,Melanie De Jesus Dos Santos,-1.3263190063263448,13.340304347826088
FRA,TeamFinal,BB,Belgium,14.0,Melanie De Jesus Dos Santos,-1.3263190063263448,13.340304347826088
FRA,AAfinal,FX,Belgium,13.833,Melanie De Jesus Dos Santos,-1.3263190063263448,13.340304347826088
FRA,TeamFinal,FX,Belgium,13.7,Melanie De Jesus Dos Santos,-1.3263190063263448,13.340304347826088
FRA,AAfinal,UB,Belgium,12.5,Melanie De Jesus Dos Santos,-1.3263190063263448,13.340304347826088
FRA,TeamFinal,UB,Belgium,14.4,Melanie De Jesus Dos Santos,-1.3263190063263448,13.340304347826088
FRA,AAfinal,VT,Belgium,14.066,Melanie De Jesus Dos Santos,-1.3263190063263448,13.340304347826088
FRA,TeamFinal,VT,Belgium,14.4,Melanie De Jesus Dos Santos,-1.3263190063263448,13.340304347826088
CAN,qual,FX,United Kingdom,13.266,Laurie Denommee,0.42789419221552827,12.742439999999998
CAN,TeamFinal,FX,United Kingdom,12.933,Laurie Denommee,0.42789419221552827,12.742439999999998
CAN,qual,UB,United Kingdom,12.866,Laurie Denommee,0.42789419221552827,12.742439999999998
CAN,qual,VT,United Kingdom,13.4,Laurie Denommee,0.42789419221552827,12.742439999999998
CAN,AAfinal,BB,United Kingdom,10.9,Laurie Denommee,0.929097963227492,12.742439999999998
CAN,qual,BB,United Kingdom,11.7,Laurie Denommee,0.929097963227492,12.742439999999998
CAN,AAfinal,FX,United Kingdom,13.15,Laurie Denommee,0.929097963227492,12.742439999999998
CAN,qual,FX,United Kingdom,12.65,Laurie Denommee,0.929097963227492,12.742439999999998
CAN,AAfinal,UB,United Kingdom,12.45,Laurie Denommee,0.929097963227492,12.742439999999998
CAN,qual,UB,United Kingdom,12.45,Laurie Denommee,0.929097963227492,12.742439999999998
CAN,AAfinal,VT,United Kingdom,13.2,Laurie Denommee,0.929097963227492,12.742439999999998
CAN,qual,VT,United Kingdom,13.65,Laurie Denommee,0.929097963227492,12.742439999999998
CAN,final,VT,United Kingdom,13.566,Laurie Denommee,0.929097963227492,12.742439999999998
CAN,qual,VT,United Kingdom,13.65,Laurie Denommee,0.929097963227492,12.742439999999998
CAN,final,VT,United Kingdom,12.9,Laurie Denommee,0.929097963227492,12.742439999999998
CAN,qual,VT,United Kingdom,12.9,Laurie Denommee,0.929097963227492,12.742439999999998
CAN,qual,BB,Egypt,11.466,Laurie Denommee,1.6339157662130661,12.742439999999998
CAN,final,FX,Egypt,12.566,Laurie Denommee,1.6339157662130661,12.742439999999998
CAN,qual,FX,Egypt,12.933,Laurie Denommee,1.6339157662130661,12.742439999999998
CAN,qual,UB,Egypt,12.7,Laurie Denommee,1.6339157662130661,12.742439999999998
CAN,final,UB,Egypt,12.033,Laurie Denommee,1.6339157662130661,12.742439999999998
CAN,final,VT,Egypt,12.633,Laurie Denommee,1.6339157662130661,12.742439999999998
CAN,qual,VT,Egypt,12.6,Laurie Denommee,1.6339157662130661,12.742439999999998
CAN,qual,VT,Egypt,12.933,Laurie Denommee,1.6339157662130661,12.742439999999998
CAN,final,VT,Egypt,13.066,Laurie Denommee,1.6339157662130661,12.742439999999998
FRA,TeamFinal,VT,United Kingdom,13.7,Coline Devillard,0.42789419221552827,13.5971875
FRA,final,VT,United Kingdom,14.5,Coline Devillard,0.42789419221552827,13.5971875
FRA,qual,VT,United Kingdom,14.433,Coline Devillard,0.42789419221552827,13.5971875
FRA,qual,VT,United Kingdom,14.433,Coline Devillard,0.42789419221552827,13.5971875
FRA,final,VT,United Kingdom,13.833,Coline Devillard,0.42789419221552827,13.5971875
FRA,qual,VT,United Kingdom,14.166,Coline Devillard,0.42789419221552827,13.5971875
FRA,qual,VT,France,14.3,Coline Devillard,0.6471708420332624,13.5971875
FRA,final,VT,France,14.35,Coline Devillard,0.6471708420332624,13.5971875
FRA,final,VT,France,13.35,Coline Devillard,0.6471708420332624,13.5971875
FRA,qual,VT,France,13.35,Coline Devillard,0.6471708420332624,13.5971875
FRA,qual,FX,Belgium,11.9,Coline Devillard,-1.3263190063263448,13.5971875
FRA,TeamFinal,VT,Belgium,14.3,Coline Devillard,-1.3263190063263448,13.5971875
FRA,final,VT,Belgium,13.2,Coline Devillard,-1.3263190063263448,13.5971875
FRA,qual,VT,Belgium,14.4,Coline Devillard,-1.3263190063263448,13.5971875
FRA,qual,VT,Belgium,14.4,Coline Devillard,-1.3263190063263448,13.5971875
FRA,final,VT,Belgium,13.166,Coline Devillard,-1.3263190063263448,13.5971875
FRA,qual,VT,Belgium,13.166,Coline Devillard,-1.3263190063263448,13.5971875
FRA,final,VT,Azerbaijan,14.333,Coline Devillard,-0.22993575723767412,13.5971875
FRA,qual,VT,Azerbaijan,12.633,Coline Devillard,-0.22993575723767412,13.5971875
FRA,final,VT,Azerbaijan,13.033,Coline Devillard,-0.22993575723767412,13.5971875
FRA,qual,VT,Azerbaijan,12.6,Coline Devillard,-0.22993575723767412,13.5971875
FRA,final,BB,Qatar,12.6,Coline Devillard,-0.18816877632001047,13.5971875
FRA,qual,BB,Qatar,12.9,Coline Devillard,-0.18816877632001047,13.5971875
FRA,final,VT,Qatar,14.4,Coline Devillard,-0.18816877632001047,13.5971875
FRA,qual,VT,Qatar,13.833,Coline Devillard,-0.18816877632001047,13.5971875
FRA,final,VT,Qatar,13.2,Coline Devillard,-0.18816877632001047,13.5971875
FRA,qual,VT,Qatar,12.966,Coline Devillard,-0.18816877632001047,13.5971875
FRA,qual,BB,Turkey,12.333,Coline Devillard,-0.4126662987524526,13.5971875
FRA,final,VT,Turkey,14.3,Coline Devillard,-0.4126662987524526,13.5971875
FRA,qual,VT,Turkey,14.366,Coline Devillard,-0.4126662987524526,13.5971875
FRA,final,VT,Turkey,13.3,Coline Devillard,-0.4126662987524526,13.5971875
FRA,qual,VT,Turkey,13.366,Coline Devillard,-0.4126662987524526,13.5971875
USA,qual,BB,United States,13.8,Kayla Dicello,0.8351222561627488,13.5199
USA,final,BB,United States,13.55,Kayla Dicello,0.8351222561627488,13.5199
USA,qual,FX,United States,13.85,Kayla Dicello,0.8351222561627488,13.5199
USA,final,FX,United States,13.65,Kayla Dicello,0.8351222561627488,13.5199
USA,qual,UB,United States,14.1,Kayla Dicello,0.8351222561627488,13.5199
USA,final,UB,United States,13.5,Kayla Dicello,0.8351222561627488,13.5199
USA,qual,VT,United States,14.2,Kayla Dicello,0.8351222561627488,13.5199
USA,final,VT,United States,14.3,Kayla Dicello,0.8351222561627488,13.5199
USA,AAfinal,BB,United States,13.2,Kayla Dicello,-0.9974040315997436,13.5199
USA,AAfinal,FX,United States,13.15,Kayla Dicello,-0.9974040315997436,13.5199
USA,AAfinal,UB,United States,12.2,Kayla Dicello,-0.9974040315997436,13.5199
USA,AAfinal,VT,United States,13.4,Kayla Dicello,-0.9974040315997436,13.5199
USA,qual,BB,United States,11.7,Kayla Dicello,-1.1070423565086107,13.5199
USA,final,BB,United States,12.75,Kayla Dicello,-1.1070423565086107,13.5199
USA,qual,FX,United States,13.5,Kayla Dicello,-1.1070423565086107,13.5199
USA,final,FX,United States,13.75,Kayla Dicello,-1.1070423565086107,13.5199
USA,qual,UB,United States,12.3,Kayla Dicello,-1.1070423565086107,13.5199
USA,final,UB,United States,13.8,Kayla Dicello,-1.1070423565086107,13.5199
USA,qual,VT,United States,14.0,Kayla Dicello,-1.1070423565086107,13.5199
USA,final,VT,United States,14.1,Kayla Dicello,-1.1070423565086107,13.5199
USA,AAfinal,BB,Chile,13.2,Kayla Dicello,-1.41507384077638,13.5199
USA,final,BB,Chile,13.8,Kayla Dicello,-1.41507384077638,13.5199
USA,qual,BB,Chile,13.066,Kayla Dicello,-1.41507384077638,13.5199
USA,AAfinal,FX,Chile,13.733,Kayla Dicello,-1.41507384077638,13.5199
USA,final,FX,Chile,13.733,Kayla Dicello,-1.41507384077638,13.5199
USA,qual,FX,Chile,13.633,Kayla Dicello,-1.41507384077638,13.5199
USA,AAfinal,UB,Chile,13.633,Kayla Dicello,-1.41507384077638,13.5199
USA,qual,UB,Chile,13.8,Kayla Dicello,-1.41507384077638,13.5199
USA,AAfinal,VT,Chile,14.133,Kayla Dicello,-1.41507384077638,13.5199
USA,qual,VT,Chile,14.066,Kayla Dicello,-1.41507384077638,13.5199
USA,qual,BB,United States,12.65,Amelia Disidore,0.8351222561627488,12.7421875
USA,final,BB,United States,12.3,Amelia Disidore,0.8351222561627488,12.7421875
USA,qual,FX,United States,13.15,Amelia Disidore,0.8351222561627488,12.7421875
USA,final,FX,United States,13.15,Amelia Disidore,0.8351222561627488,12.7421875
USA,qual,UB,United States,11.55,Amelia Disidore,0.8351222561627488,12.7421875
USA,final,UB,United States,12.3,Amelia Disidore,0.8351222561627488,12.7421875
USA,qual,VT,United States,14.3,Amelia Disidore,0.8351222561627488,12.7421875
USA,final,VT,United States,14.3,Amelia Disidore,0.8351222561627488,12.7421875
USA,AAfinal,BB,United States,11.2,Amelia Disidore,0.9395397084569079,12.7421875
USA,AAfinal,FX,United States,12.55,Amelia Disidore,0.9395397084569079,12.7421875
USA,AAfinal,UB,United States,11.55,Amelia Disidore,0.9395397084569079,12.7421875
USA,AAfinal,VT,United States,13.55,Amelia Disidore,0.9395397084569079,12.7421875
USA,AAfinal,BB,United States,11.15,Amelia Disidore,1.7435540911219332,12.7421875
USA,AAfinal,FX,United States,12.35,Amelia Disidore,1.7435540911219332,12.7421875
USA,AAfinal,UB,United States,10.05,Amelia Disidore,1.7435540911219332,12.7421875
USA,AAfinal,VT,United States,13.15,Amelia Disidore,1.7435540911219332,12.7421875
USA,AAfinal,BB,United States,12.75,Amelia Disidore,-0.9974040315997436,12.7421875
USA,AAfinal,FX,United States,13.25,Amelia Disidore,-0.9974040315997436,12.7421875
USA,AAfinal,UB,United States,12.95,Amelia Disidore,-0.9974040315997436,12.7421875
USA,AAfinal,VT,United States,13.85,Amelia Disidore,-0.9974040315997436,12.7421875
USA,qual,BB,United States,13.3,Amelia Disidore,-1.1070423565086107,12.7421875
USA,final,BB,United States,12.3,Amelia Disidore,-1.1070423565086107,12.7421875
USA,qual,FX,United States,13.35,Amelia Disidore,-1.1070423565086107,12.7421875
USA,final,FX,United States,13.45,Amelia Disidore,-1.1070423565086107,12.7421875
USA,qual,UB,United States,12.55,Amelia Disidore,-1.1070423565086107,12.7421875
USA,final,UB,United States,12.75,Amelia Disidore,-1.1070423565086107,12.7421875
USA,qual,VT,United States,13.85,Amelia Disidore,-1.1070423565086107,12.7421875
USA,final,VT,United States,14.0,Amelia Disidore,-1.1070423565086107,12.7421875
USA,AAfinal,BB,United States,11.8,Amelia Disidore,-0.15684354063176276,12.7421875
USA,AAfinal,FX,United States,13.2,Amelia Disidore,-0.15684354063176276,12.7421875
USA,AAfinal,UB,United States,11.3,Amelia Disidore,-0.15684354063176276,12.7421875
USA,AAfinal,VT,United States,13.85,Amelia Disidore,-0.15684354063176276,12.7421875
USA,AAfinal,UB,United States,9.35,Gabby Disidore,-0.15684354063176276,9.35
NED,qual,BB,Azerbaijan,12.566,Sara Van Disseldorp,1.5608235496071545,12.566
GBR,qual,BB,United Kingdom,11.75,Tara Donnelly,1.5973696579101104,11.623529411764705
GBR,qual,FX,United Kingdom,11.3,Tara Donnelly,1.5973696579101104,11.623529411764705
GBR,qual,UB,United Kingdom,10.65,Tara Donnelly,1.5973696579101104,11.623529411764705
GBR,final,VT,United Kingdom,12.8,Tara Donnelly,1.5973696579101104,11.623529411764705
GBR,qual,VT,United Kingdom,12.9,Tara Donnelly,1.5973696579101104,11.623529411764705
GBR,final,VT,United Kingdom,12.35,Tara Donnelly,1.5973696579101104,11.623529411764705
GBR,qual,VT,United Kingdom,12.25,Tara Donnelly,1.5973696579101104,11.623529411764705
GBR,AAfinal,BB,United Kingdom,11.85,Tara Donnelly,0.929097963227492,11.623529411764705
GBR,qual,BB,United Kingdom,10.1,Tara Donnelly,0.929097963227492,11.623529411764705
GBR,AAfinal,FX,United Kingdom,11.3,Tara Donnelly,0.929097963227492,11.623529411764705
GBR,qual,FX,United Kingdom,11.6,Tara Donnelly,0.929097963227492,11.623529411764705
GBR,AAfinal,UB,United Kingdom,11.1,Tara Donnelly,0.929097963227492,11.623529411764705
GBR,qual,UB,United Kingdom,11.05,Tara Donnelly,0.929097963227492,11.623529411764705
GBR,AAfinal,VT,United Kingdom,12.8,Tara Donnelly,0.929097963227492,11.623529411764705
GBR,qual,VT,United Kingdom,10.95,Tara Donnelly,0.929097963227492,11.623529411764705
GBR,qual,VT,United Kingdom,10.95,Tara Donnelly,0.929097963227492,11.623529411764705
GBR,qual,VT,United Kingdom,11.9,Tara Donnelly,0.929097963227492,11.623529411764705
CAN,qual,BB,Turkey,11.2,Jessica Dowling,0.574078625427351,11.922625
CAN,qual,UB,Turkey,13.15,Jessica Dowling,0.574078625427351,11.922625
CAN,final,UB,Turkey,13.35,Jessica Dowling,0.574078625427351,11.922625
CAN,qual,BB,Hungary,11.066,Jessica Dowling,0.6106247337303067,11.922625
CAN,qual,UB,Hungary,10.033,Jessica Dowling,0.6106247337303067,11.922625
CAN,qual,BB,Egypt,10.833,Jessica Dowling,-0.48575851535836395,11.922625
CAN,qual,FX,Egypt,12.133,Jessica Dowling,-0.48575851535836395,11.922625
CAN,final,UB,Egypt,12.733,Jessica Dowling,-0.48575851535836395,11.922625
CAN,qual,UB,Egypt,12.766,Jessica Dowling,-0.48575851535836395,11.922625
CAN,qual,VT,Egypt,12.6,Jessica Dowling,-0.48575851535836395,11.922625
CAN,qual,VT,Egypt,11.0,Jessica Dowling,-0.48575851535836395,11.922625
CAN,qual,BB,Bulgaria,12.066,Jessica Dowling,-0.6319429485701867,11.922625
CAN,final,FX,Bulgaria,12.033,Jessica Dowling,-0.6319429485701867,11.922625
CAN,qual,FX,Bulgaria,12.1,Jessica Dowling,-0.6319429485701867,11.922625
CAN,final,UB,Bulgaria,11.066,Jessica Dowling,-0.6319429485701867,11.922625
CAN,qual,UB,Bulgaria,12.633,Jessica Dowling,-0.6319429485701867,11.922625
GBR,qual,BB,United Kingdom,11.95,Rebecca Downie,1.5973696579101104,13.444333333333333
GBR,qual,FX,United Kingdom,12.5,Rebecca Downie,1.5973696579101104,13.444333333333333
GBR,qual,UB,United Kingdom,13.6,Rebecca Downie,1.5973696579101104,13.444333333333333
GBR,qual,VT,United Kingdom,12.8,Rebecca Downie,1.5973696579101104,13.444333333333333
GBR,qual,BB,United Kingdom,12.95,Rebecca Downie,-0.3030279738435855,13.444333333333333
GBR,final,UB,United Kingdom,14.35,Rebecca Downie,-0.3030279738435855,13.444333333333333
GBR,qual,UB,United Kingdom,14.25,Rebecca Downie,-0.3030279738435855,13.444333333333333
GBR,final,UB,Turkey,14.233,Rebecca Downie,-0.4126662987524526,13.444333333333333
GBR,qual,UB,Turkey,14.366,Rebecca Downie,-0.4126662987524526,13.444333333333333
USA,AAfinal,BB,United States,12.15,Skylar Draser,1.7435540911219332,12.2375
USA,AAfinal,FX,United States,11.65,Skylar Draser,1.7435540911219332,12.2375
USA,AAfinal,UB,United States,12.8,Skylar Draser,1.7435540911219332,12.2375
USA,AAfinal,VT,United States,12.35,Skylar Draser,1.7435540911219332,12.2375
USA,AAfinal,BB,United States,9.65,Amari Drayton,-0.15684354063176276,11.55
USA,AAfinal,FX,United States,11.5,Amari Drayton,-0.15684354063176276,11.55
USA,AAfinal,UB,United States,11.85,Amari Drayton,-0.15684354063176276,11.55
USA,AAfinal,VT,United States,13.2,Amari Drayton,-0.15684354063176276,11.55
CHN,qual,FX,China,12.033,Siyu Du,-0.9921831589850356,13.332999999999998
CHN,final,UB,China,13.832999999999998,Siyu Du,-0.9921831589850356,13.332999999999998
CHN,qual,UB,China,14.366,Siyu Du,-0.9921831589850356,13.332999999999998
CHN,qual,VT,China,13.1,Siyu Du,-0.9921831589850356,13.332999999999998
GBR,qual,BB,United Kingdom,10.3,Courtney Dunbar,-0.3030279738435855,10.6625
GBR,qual,FX,United Kingdom,11.2,Courtney Dunbar,-0.3030279738435855,10.6625
GBR,qual,UB,United Kingdom,9.3,Courtney Dunbar,-0.3030279738435855,10.6625
GBR,qual,VT,United Kingdom,11.85,Courtney Dunbar,-0.3030279738435855,10.6625
ROU,qual,BB,Azerbaijan,9.1,Antonia Duta,1.5608235496071545,11.903428571428572
ROU,qual,FX,Azerbaijan,12.566,Antonia Duta,1.5608235496071545,11.903428571428572
ROU,final,FX,Azerbaijan,12.833,Antonia Duta,1.5608235496071545,11.903428571428572
ROU,qual,VT,Azerbaijan,12.4,Antonia Duta,1.5608235496071545,11.903428571428572
ROU,qual,VT,Azerbaijan,12.3,Antonia Duta,1.5608235496071545,11.903428571428572
ROU,qual,BB,Germany,11.066,Antonia Duta,0.8664474918509966,11.903428571428572
ROU,qual,FX,Germany,11.333,Antonia Duta,0.8664474918509966,11.903428571428572
ROU,qual,UB,Germany,12.4,Antonia Duta,0.8664474918509966,11.903428571428572
ROU,qual,VT,Germany,12.5,Antonia Duta,0.8664474918509966,11.903428571428572
ROU,qual,BB,Bulgaria,11.0,Antonia Duta,1.5869279126806943,11.903428571428572
ROU,qual,FX,Bulgaria,12.55,Antonia Duta,1.5869279126806943,11.903428571428572
ROU,qual,UB,Bulgaria,11.65,Antonia Duta,1.5869279126806943,11.903428571428572
ROU,qual,VT,Bulgaria,12.95,Antonia Duta,1.5869279126806943,11.903428571428572
ROU,qual,VT,Bulgaria,12.0,Antonia Duta,1.5869279126806943,11.903428571428572
AUS,qual,BB,China,11.533,Amanda Edwards,-0.9921831589850356,11.699625000000001
AUS,AAfinal,BB,China,12.3,Amanda Edwards,-0.9921831589850356,11.699625000000001
AUS,qual,FX,China,11.866,Amanda Edwards,-0.9921831589850356,11.699625000000001
AUS,AAfinal,FX,China,12.133,Amanda Edwards,-0.9921831589850356,11.699625000000001
AUS,qual,UB,China,10.666,Amanda Edwards,-0.9921831589850356,11.699625000000001
AUS,AAfinal,UB,China,11.0,Amanda Edwards,-0.9921831589850356,11.699625000000001
AUS,AAfinal,VT,China,12.333,Amanda Edwards,-0.9921831589850356,11.699625000000001
AUS,qual,VT,China,11.766000000000002,Amanda Edwards,-0.9921831589850356,11.699625000000001
USA,AAfinal,BB,United States,12.95,Jordis Eichman,-0.15684354063176276,12.85
USA,AAfinal,FX,United States,12.5,Jordis Eichman,-0.15684354063176276,12.85
USA,AAfinal,UB,United States,12.9,Jordis Eichman,-0.15684354063176276,12.85
USA,AAfinal,VT,United States,13.05,Jordis Eichman,-0.15684354063176276,12.85
KOR,qual,BB,United Kingdom,10.5,Dohyun Eom,0.42789419221552827,12.5263
KOR,qual,FX,United Kingdom,12.633,Dohyun Eom,0.42789419221552827,12.5263
KOR,qual,UB,United Kingdom,13.066,Dohyun Eom,0.42789419221552827,12.5263
KOR,qual,VT,United Kingdom,12.6,Dohyun Eom,0.42789419221552827,12.5263
KOR,qual,BB,Singapore,13.266,Dohyun Eom,-0.7415812734790538,12.5263
KOR,final,BB,Singapore,12.366,Dohyun Eom,-0.7415812734790538,12.5263
KOR,qual,FX,Singapore,12.866,Dohyun Eom,-0.7415812734790538,12.5263
KOR,qual,UB,Singapore,13.1,Dohyun Eom,-0.7415812734790538,12.5263
KOR,qual,BB,Belgium,11.733,Dohyun Eom,-1.3263190063263448,12.5263
KOR,qual,UB,Belgium,13.133,Dohyun Eom,-1.3263190063263448,12.5263
ITA,qual,BB,United Kingdom,10.8,Manila Esposito,0.42789419221552827,13.219235294117647
ITA,TeamFinal,BB,United Kingdom,13.133,Manila Esposito,0.42789419221552827,13.219235294117647
ITA,qual,FX,United Kingdom,13.466,Manila Esposito,0.42789419221552827,13.219235294117647
ITA,TeamFinal,FX,United Kingdom,11.6,Manila Esposito,0.42789419221552827,13.219235294117647
ITA,qual,UB,United Kingdom,13.966,Manila Esposito,0.42789419221552827,13.219235294117647
ITA,TeamFinal,VT,United Kingdom,13.466,Manila Esposito,0.42789419221552827,13.219235294117647
ITA,qual,VT,United Kingdom,13.566,Manila Esposito,0.42789419221552827,13.219235294117647
ITA,AAfinal,BB,Belgium,12.866,Manila Esposito,-1.3263190063263448,13.219235294117647
ITA,qual,BB,Belgium,13.666,Manila Esposito,-1.3263190063263448,13.219235294117647
ITA,TeamFinal,BB,Belgium,14.133,Manila Esposito,-1.3263190063263448,13.219235294117647
ITA,AAfinal,FX,Belgium,13.1,Manila Esposito,-1.3263190063263448,13.219235294117647
ITA,qual,FX,Belgium,13.6,Manila Esposito,-1.3263190063263448,13.219235294117647
ITA,TeamFinal,FX,Belgium,13.633,Manila Esposito,-1.3263190063263448,13.219235294117647
ITA,AAfinal,UB,Belgium,14.166,Manila Esposito,-1.3263190063263448,13.219235294117647
ITA,qual,UB,Belgium,13.666,Manila Esposito,-1.3263190063263448,13.219235294117647
ITA,TeamFinal,UB,Belgium,13.4,Manila Esposito,-1.3263190063263448,13.219235294117647
ITA,AAfinal,VT,Belgium,13.766,Manila Esposito,-1.3263190063263448,13.219235294117647
ITA,TeamFinal,VT,Belgium,13.7,Manila Esposito,-1.3263190063263448,13.219235294117647
ITA,qual,VT,Belgium,13.766,Manila Esposito,-1.3263190063263448,13.219235294117647
ITA,final,FX,Germany,13.566,Manila Esposito,-0.15684354063176276,13.219235294117647
ITA,qual,FX,Germany,13.333,Manila Esposito,-0.15684354063176276,13.219235294117647
ITA,final,VT,Germany,13.5,Manila Esposito,-0.15684354063176276,13.219235294117647
ITA,qual,VT,Germany,13.633,Manila Esposito,-0.15684354063176276,13.219235294117647
ITA,final,VT,Germany,12.966,Manila Esposito,-0.15684354063176276,13.219235294117647
ITA,qual,VT,Germany,13.133,Manila Esposito,-0.15684354063176276,13.219235294117647
ITA,AAfinal,BB,Turkey,13.033,Manila Esposito,-0.4126662987524526,13.219235294117647
ITA,final,BB,Turkey,13.7,Manila Esposito,-0.4126662987524526,13.219235294117647
ITA,qual,BB,Turkey,12.833,Manila Esposito,-0.4126662987524526,13.219235294117647
ITA,AAfinal,FX,Turkey,11.8,Manila Esposito,-0.4126662987524526,13.219235294117647
ITA,qual,FX,Turkey,12.566,Manila Esposito,-0.4126662987524526,13.219235294117647
ITA,AAfinal,UB,Turkey,12.5,Manila Esposito,-0.4126662987524526,13.219235294117647
ITA,qual,UB,Turkey,12.266,Manila Esposito,-0.4126662987524526,13.219235294117647
ITA,AAfinal,VT,Turkey,13.6,Manila Esposito,-0.4126662987524526,13.219235294117647
ITA,qual,VT,Turkey,13.566,Manila Esposito,-0.4126662987524526,13.219235294117647
GBR,final,BB,Germany,13.033,Ruby Evans,-0.15684354063176276,13.029190476190475
GBR,qual,BB,Germany,12.833,Ruby Evans,-0.15684354063176276,13.029190476190475
GBR,final,FX,Germany,13.466,Ruby Evans,-0.15684354063176276,13.029190476190475
GBR,qual,FX,Germany,13.5,Ruby Evans,-0.15684354063176276,13.029190476190475
GBR,qual,UB,Germany,12.3,Ruby Evans,-0.15684354063176276,13.029190476190475
GBR,final,VT,Germany,14.0,Ruby Evans,-0.15684354063176276,13.029190476190475
GBR,qual,VT,Germany,13.9,Ruby Evans,-0.15684354063176276,13.029190476190475
GBR,final,VT,Germany,12.366,Ruby Evans,-0.15684354063176276,13.029190476190475
GBR,qual,VT,Germany,12.5,Ruby Evans,-0.15684354063176276,13.029190476190475
GBR,qual,BB,United Kingdom,11.4,Mia Evans,1.5973696579101104,11.772222222222222
GBR,final,FX,United Kingdom,12.75,Mia Evans,1.5973696579101104,11.772222222222222
GBR,qual,FX,United Kingdom,12.6,Mia Evans,1.5973696579101104,11.772222222222222
GBR,qual,UB,United Kingdom,10.55,Mia Evans,1.5973696579101104,11.772222222222222
GBR,qual,VT,United Kingdom,13.0,Mia Evans,1.5973696579101104,11.772222222222222
GBR,qual,BB,United Kingdom,10.55,Mia Evans,0.929097963227492,11.772222222222222
GBR,qual,FX,United Kingdom,10.4,Mia Evans,0.929097963227492,11.772222222222222
GBR,qual,UB,United Kingdom,11.6,Mia Evans,0.929097963227492,11.772222222222222
GBR,qual,VT,United Kingdom,13.1,Mia Evans,0.929097963227492,11.772222222222222
GBR,qual,FX,Belgium,13.166,Ruby Evans,-1.3263190063263448,13.029190476190475
GBR,TeamFinal,FX,Belgium,13.233,Ruby Evans,-1.3263190063263448,13.029190476190475
GBR,TeamFinal,VT,Belgium,14.0,Ruby Evans,-1.3263190063263448,13.029190476190475
GBR,qual,VT,Belgium,13.066,Ruby Evans,-1.3263190063263448,13.029190476190475
GBR,qual,BB,United Kingdom,12.05,Ruby Evans,-0.3030279738435855,13.029190476190475
GBR,final,FX,United Kingdom,13.0,Ruby Evans,-0.3030279738435855,13.029190476190475
GBR,qual,FX,United Kingdom,12.45,Ruby Evans,-0.3030279738435855,13.029190476190475
GBR,qual,UB,United Kingdom,12.25,Ruby Evans,-0.3030279738435855,13.029190476190475
GBR,final,VT,United Kingdom,13.9,Ruby Evans,-0.3030279738435855,13.029190476190475
GBR,qual,VT,United Kingdom,14.1,Ruby Evans,-0.3030279738435855,13.029190476190475
GBR,final,VT,United Kingdom,12.65,Ruby Evans,-0.3030279738435855,13.029190476190475
GBR,qual,VT,United Kingdom,11.85,Ruby Evans,-0.3030279738435855,13.029190476190475
USA,qual,BB,Hungary,11.966,Addison Fatta,0.6106247337303067,13.002875
USA,qual,UB,Hungary,13.5,Addison Fatta,0.6106247337303067,13.002875
USA,final,UB,Hungary,13.6,Addison Fatta,0.6106247337303067,13.002875
USA,final,VT,Hungary,13.666,Addison Fatta,0.6106247337303067,13.002875
USA,qual,VT,Hungary,14.033,Addison Fatta,0.6106247337303067,13.002875
USA,final,VT,Hungary,13.066,Addison Fatta,0.6106247337303067,13.002875
USA,qual,VT,Hungary,11.6,Addison Fatta,0.6106247337303067,13.002875
USA,qual,BB,United States,12.45,Addison Fatta,0.8351222561627488,13.002875
USA,final,BB,United States,12.15,Addison Fatta,0.8351222561627488,13.002875
USA,qual,FX,United States,12.65,Addison Fatta,0.8351222561627488,13.002875
USA,final,FX,United States,13.15,Addison Fatta,0.8351222561627488,13.002875
USA,qual,UB,United States,13.55,Addison Fatta,0.8351222561627488,13.002875
USA,final,UB,United States,13.3,Addison Fatta,0.8351222561627488,13.002875
USA,qual,VT,United States,13.05,Addison Fatta,0.8351222561627488,13.002875
USA,final,VT,United States,13.9,Addison Fatta,0.8351222561627488,13.002875
USA,AAfinal,BB,United States,12.35,Addison Fatta,0.9395397084569079,13.002875
USA,AAfinal,UB,United States,13.15,Addison Fatta,0.9395397084569079,13.002875
USA,AAfinal,BB,United States,12.55,Addison Fatta,1.7435540911219332,13.002875
USA,AAfinal,FX,United States,11.8,Addison Fatta,1.7435540911219332,13.002875
USA,AAfinal,UB,United States,13.2,Addison Fatta,1.7435540911219332,13.002875
USA,AAfinal,VT,United States,13.7,Addison Fatta,1.7435540911219332,13.002875
USA,AAfinal,BB,United States,12.4,Addison Fatta,-0.9974040315997436,13.002875
USA,AAfinal,VT,United States,13.85,Addison Fatta,-0.9974040315997436,13.002875
USA,qual,BB,United States,13.0,Addison Fatta,-1.1070423565086107,13.002875
USA,final,BB,United States,11.35,Addison Fatta,-1.1070423565086107,13.002875
USA,qual,FX,United States,12.2,Addison Fatta,-1.1070423565086107,13.002875
USA,final,FX,United States,13.25,Addison Fatta,-1.1070423565086107,13.002875
USA,qual,UB,United States,13.35,Addison Fatta,-1.1070423565086107,13.002875
USA,final,UB,United States,13.3,Addison Fatta,-1.1070423565086107,13.002875
USA,qual,VT,United States,13.85,Addison Fatta,-1.1070423565086107,13.002875
USA,final,VT,United States,13.9,Addison Fatta,-1.1070423565086107,13.002875
USA,AAfinal,BB,United States,10.8,Addison Fatta,-0.15684354063176276,13.002875
USA,AAfinal,FX,United States,13.1,Addison Fatta,-0.15684354063176276,13.002875
USA,AAfinal,UB,United States,12.95,Addison Fatta,-0.15684354063176276,13.002875
USA,AAfinal,VT,United States,13.9,Addison Fatta,-0.15684354063176276,13.002875
USA,qual,FX,Colombia,12.167,Addison Fatta,-0.6319429485701867,13.002875
USA,TeamFinal,UB,Colombia,13.7,Addison Fatta,-0.6319429485701867,13.002875
USA,qual,UB,Colombia,13.667,Addison Fatta,-0.6319429485701867,13.002875
USA,TeamFinal,VT,Colombia,13.5,Addison Fatta,-0.6319429485701867,13.002875
USA,qual,VT,Colombia,13.5,Addison Fatta,-0.6319429485701867,13.002875
GBR,qual,BB,United Kingdom,12.1,Georgia Mae Fenton,0.42789419221552827,13.2107
GBR,TeamFinal,BB,United Kingdom,13.333,Georgia Mae Fenton,0.42789419221552827,13.2107
GBR,qual,UB,United Kingdom,14.133,Georgia Mae Fenton,0.42789419221552827,13.2107
GBR,TeamFinal,UB,United Kingdom,13.633,Georgia Mae Fenton,0.42789419221552827,13.2107
GBR,qual,VT,United Kingdom,13.9,Georgia Mae Fenton,0.42789419221552827,13.2107
GBR,final,BB,United Kingdom,13.35,Georgia Mae Fenton,1.5973696579101104,13.2107
GBR,qual,BB,United Kingdom,12.6,Georgia Mae Fenton,1.5973696579101104,13.2107
GBR,final,FX,United Kingdom,12.85,Georgia Mae Fenton,1.5973696579101104,13.2107
GBR,qual,FX,United Kingdom,12.65,Georgia Mae Fenton,1.5973696579101104,13.2107
GBR,final,UB,United Kingdom,13.45,Georgia Mae Fenton,1.5973696579101104,13.2107
GBR,qual,UB,United Kingdom,13.5,Georgia Mae Fenton,1.5973696579101104,13.2107
GBR,qual,VT,United Kingdom,12.9,Georgia Mae Fenton,1.5973696579101104,13.2107
GBR,final,UB,Germany,13.633,Georgia Mae Fenton,0.8664474918509966,13.2107
GBR,qual,UB,Germany,13.9,Georgia Mae Fenton,0.8664474918509966,13.2107
GBR,TeamFinal,UB,Germany,13.7,Georgia Mae Fenton,0.8664474918509966,13.2107
GBR,qual,VT,Germany,13.466,Georgia Mae Fenton,0.8664474918509966,13.2107
GBR,qual,BB,Belgium,13.266,Georgia Mae Fenton,-1.3263190063263448,13.2107
GBR,TeamFinal,BB,Belgium,12.2,Georgia Mae Fenton,-1.3263190063263448,13.2107
GBR,qual,UB,Belgium,14.033,Georgia Mae Fenton,-1.3263190063263448,13.2107
GBR,TeamFinal,UB,Belgium,12.4,Georgia Mae Fenton,-1.3263190063263448,13.2107
GBR,qual,BB,United Kingdom,11.55,Georgia Mae Fenton,-0.3030279738435855,13.2107
GBR,final,FX,United Kingdom,13.5,Georgia Mae Fenton,-0.3030279738435855,13.2107
GBR,qual,FX,United Kingdom,13.45,Georgia Mae Fenton,-0.3030279738435855,13.2107
GBR,final,UB,United Kingdom,14.3,Georgia Mae Fenton,-0.3030279738435855,13.2107
GBR,qual,UB,United Kingdom,12.95,Georgia Mae Fenton,-0.3030279738435855,13.2107
GBR,qual,VT,United Kingdom,13.65,Georgia Mae Fenton,-0.3030279738435855,13.2107
GBR,AAfinal,BB,Turkey,13.1,Georgia Mae Fenton,-0.4126662987524526,13.2107
GBR,qual,BB,Turkey,12.333,Georgia Mae Fenton,-0.4126662987524526,13.2107
GBR,AAfinal,FX,Turkey,12.633,Georgia Mae Fenton,-0.4126662987524526,13.2107
GBR,qual,FX,Turkey,12.9,Georgia Mae Fenton,-0.4126662987524526,13.2107
GBR,AAfinal,UB,Turkey,13.8,Georgia Mae Fenton,-0.4126662987524526,13.2107
GBR,qual,UB,Turkey,13.933,Georgia Mae Fenton,-0.4126662987524526,13.2107
GBR,AAfinal,VT,Turkey,12.066,Georgia Mae Fenton,-0.4126662987524526,13.2107
GBR,qual,VT,Turkey,13.733,Georgia Mae Fenton,-0.4126662987524526,13.2107
GBR,final,BB,United Kingdom,12.733,Georgia Mae Fenton,0.929097963227492,13.2107
GBR,qual,BB,United Kingdom,13.3,Georgia Mae Fenton,0.929097963227492,13.2107
GBR,qual,FX,United Kingdom,12.45,Georgia Mae Fenton,0.929097963227492,13.2107
GBR,final,UB,United Kingdom,13.9,Georgia Mae Fenton,0.929097963227492,13.2107
GBR,qual,UB,United Kingdom,14.0,Georgia Mae Fenton,0.929097963227492,13.2107
GBR,qual,VT,United Kingdom,13.15,Georgia Mae Fenton,0.929097963227492,13.2107
GBR,qual,UB,United Kingdom,12.3,Evie Flage Donovan,-0.3030279738435855,12.3
GBR,qual,BB,United Kingdom,9.9,Kirsty Fowler,1.5973696579101104,11.069999999999999
GBR,qual,FX,United Kingdom,10.7,Kirsty Fowler,1.5973696579101104,11.069999999999999
GBR,qual,UB,United Kingdom,9.7,Kirsty Fowler,1.5973696579101104,11.069999999999999
GBR,qual,VT,United Kingdom,13.1,Kirsty Fowler,1.5973696579101104,11.069999999999999
GBR,qual,VT,United Kingdom,11.95,Kirsty Fowler,1.5973696579101104,11.069999999999999
GBR,qual,BB,United Kingdom,11.65,Claudia Fragapane,0.929097963227492,12.05
GBR,qual,FX,United Kingdom,12.45,Claudia Fragapane,0.929097963227492,12.05
FRA,final,BB,Israel,12.833,Lea Franceries,-0.6684890568731424,12.77
FRA,qual,BB,Israel,13.0,Lea Franceries,-0.6684890568731424,12.77
FRA,final,VT,Israel,12.867,Lea Franceries,-0.6684890568731424,12.77
FRA,qual,VT,Israel,13.233,Lea Franceries,-0.6684890568731424,12.77
FRA,final,VT,Israel,11.867,Lea Franceries,-0.6684890568731424,12.77
FRA,qual,VT,Israel,11.967,Lea Franceries,-0.6684890568731424,12.77
FRA,final,BB,Germany,12.733,Lea Franceries,-0.2664818655406298,12.77
FRA,qual,BB,Germany,13.2,Lea Franceries,-0.2664818655406298,12.77
FRA,qual,FX,Germany,13.0,Lea Franceries,-0.2664818655406298,12.77
FRA,qual,VT,Germany,13.0,Lea Franceries,-0.2664818655406298,12.77
USA,AAfinal,BB,United States,13.7,Emjae Frazier,1.7435540911219332,13.2875
USA,AAfinal,FX,United States,13.5,Emjae Frazier,1.7435540911219332,13.2875
USA,AAfinal,UB,United States,12.2,Emjae Frazier,1.7435540911219332,13.2875
USA,AAfinal,VT,United States,13.75,Emjae Frazier,1.7435540911219332,13.2875
FRA,AAfinal,BB,United Kingdom,11.466,Aline Friess,0.42789419221552827,13.139314285714285
FRA,qual,BB,United Kingdom,12.266,Aline Friess,0.42789419221552827,13.139314285714285
FRA,AAfinal,FX,United Kingdom,12.8,Aline Friess,0.42789419221552827,13.139314285714285
FRA,qual,FX,United Kingdom,13.1,Aline Friess,0.42789419221552827,13.139314285714285
FRA,TeamFinal,FX,United Kingdom,12.0,Aline Friess,0.42789419221552827,13.139314285714285
FRA,AAfinal,UB,United Kingdom,13.0,Aline Friess,0.42789419221552827,13.139314285714285
FRA,qual,UB,United Kingdom,13.233,Aline Friess,0.42789419221552827,13.139314285714285
FRA,TeamFinal,UB,United Kingdom,12.966,Aline Friess,0.42789419221552827,13.139314285714285
FRA,AAfinal,VT,United Kingdom,13.0,Aline Friess,0.42789419221552827,13.139314285714285
FRA,qual,VT,United Kingdom,13.666,Aline Friess,0.42789419221552827,13.139314285714285
FRA,qual,VT,United Kingdom,13.666,Aline Friess,0.42789419221552827,13.139314285714285
FRA,qual,VT,United Kingdom,12.9,Aline Friess,0.42789419221552827,13.139314285714285
FRA,qual,UB,France,13.1,Aline Friess,0.6471708420332624,13.139314285714285
FRA,final,UB,France,13.6,Aline Friess,0.6471708420332624,13.139314285714285
FRA,qual,BB,Germany,12.166,Aline Friess,0.8664474918509966,13.139314285714285
FRA,qual,FX,Germany,12.8,Aline Friess,0.8664474918509966,13.139314285714285
FRA,qual,UB,Germany,12.5,Aline Friess,0.8664474918509966,13.139314285714285
FRA,TeamFinal,UB,Germany,13.266,Aline Friess,0.8664474918509966,13.139314285714285
FRA,final,VT,Germany,13.966,Aline Friess,0.8664474918509966,13.139314285714285
FRA,qual,VT,Germany,14.333,Aline Friess,0.8664474918509966,13.139314285714285
FRA,qual,VT,Germany,14.333,Aline Friess,0.8664474918509966,13.139314285714285
FRA,TeamFinal,VT,Germany,14.233,Aline Friess,0.8664474918509966,13.139314285714285
FRA,final,VT,Germany,13.233,Aline Friess,0.8664474918509966,13.139314285714285
FRA,qual,VT,Germany,12.9,Aline Friess,0.8664474918509966,13.139314285714285
FRA,final,BB,Bulgaria,12.45,Aline Friess,1.5869279126806943,13.139314285714285
FRA,qual,BB,Bulgaria,13.35,Aline Friess,1.5869279126806943,13.139314285714285
FRA,final,FX,Bulgaria,13.0,Aline Friess,1.5869279126806943,13.139314285714285
FRA,qual,FX,Bulgaria,13.1,Aline Friess,1.5869279126806943,13.139314285714285
FRA,final,UB,Bulgaria,13.45,Aline Friess,1.5869279126806943,13.139314285714285
FRA,qual,UB,Bulgaria,13.7,Aline Friess,1.5869279126806943,13.139314285714285
FRA,final,VT,Bulgaria,13.85,Aline Friess,1.5869279126806943,13.139314285714285
FRA,qual,VT,Bulgaria,13.75,Aline Friess,1.5869279126806943,13.139314285714285
FRA,final,VT,Bulgaria,13.35,Aline Friess,1.5869279126806943,13.139314285714285
FRA,qual,VT,Bulgaria,13.25,Aline Friess,1.5869279126806943,13.139314285714285
FRA,qual,UB,Bulgaria,12.133,Aline Friess,-0.6319429485701867,13.139314285714285
JPN,qual,UB,United Kingdom,13.5,Kokoro Fukasawa,0.42789419221552827,12.460833333333333
JPN,TeamFinal,UB,United Kingdom,9.4,Kokoro Fukasawa,0.42789419221552827,12.460833333333333
JPN,TeamFinal,VT,United Kingdom,13.6,Kokoro Fukasawa,0.42789419221552827,12.460833333333333
JPN,qual,VT,United Kingdom,13.333,Kokoro Fukasawa,0.42789419221552827,12.460833333333333
JPN,qual,FX,Belgium,12.633,Kokoro Fukasawa,-1.3263190063263448,12.460833333333333
JPN,qual,UB,Belgium,12.033,Kokoro Fukasawa,-1.3263190063263448,12.460833333333333
JPN,TeamFinal,UB,Belgium,13.333,Kokoro Fukasawa,-1.3263190063263448,12.460833333333333
JPN,qual,VT,Belgium,13.466,Kokoro Fukasawa,-1.3263190063263448,12.460833333333333
JPN,qual,BB,Qatar,11.466,Kokoro Fukasawa,-0.18816877632001047,12.460833333333333
JPN,qual,UB,Qatar,11.5,Kokoro Fukasawa,-0.18816877632001047,12.460833333333333
JPN,qual,BB,China,12.9,Kokoro Fukasawa,-0.9921831589850356,12.460833333333333
JPN,qual,UB,China,12.366,Kokoro Fukasawa,-0.9921831589850356,12.460833333333333
GBR,final,FX,United Kingdom,13.166,Jennifer Gadirova,0.42789419221552827,13.027434782608694
GBR,qual,FX,United Kingdom,13.6,Jennifer Gadirova,0.42789419221552827,13.027434782608694
GBR,TeamFinal,FX,United Kingdom,13.433,Jennifer Gadirova,0.42789419221552827,13.027434782608694
GBR,final,BB,United Kingdom,13.75,Jennifer Gadirova,1.5973696579101104,13.027434782608694
GBR,qual,BB,United Kingdom,12.2,Jennifer Gadirova,1.5973696579101104,13.027434782608694
GBR,final,FX,United Kingdom,13.95,Jennifer Gadirova,1.5973696579101104,13.027434782608694
GBR,qual,FX,United Kingdom,13.7,Jennifer Gadirova,1.5973696579101104,13.027434782608694
GBR,final,UB,United Kingdom,13.1,Jennifer Gadirova,1.5973696579101104,13.027434782608694
GBR,qual,UB,United Kingdom,13.2,Jennifer Gadirova,1.5973696579101104,13.027434782608694
GBR,qual,VT,United Kingdom,13.25,Jennifer Gadirova,1.5973696579101104,13.027434782608694
GBR,qual,BB,France,12.9,Jennifer Gadirova,0.6471708420332624,13.027434782608694
GBR,final,BB,France,13.45,Jennifer Gadirova,0.6471708420332624,13.027434782608694
GBR,qual,FX,France,13.1,Jennifer Gadirova,0.6471708420332624,13.027434782608694
GBR,final,FX,France,13.25,Jennifer Gadirova,0.6471708420332624,13.027434782608694
GBR,qual,UB,France,12.95,Jennifer Gadirova,0.6471708420332624,13.027434782608694
GBR,qual,VT,France,12.9,Jennifer Gadirova,0.6471708420332624,13.027434782608694
GBR,qual,VT,France,10.25,Jennifer Gadirova,0.6471708420332624,13.027434782608694
GBR,qual,BB,Germany,12.9,Jennifer Gadirova,0.8664474918509966,13.027434782608694
GBR,TeamFinal,BB,Germany,12.5,Jennifer Gadirova,0.8664474918509966,13.027434782608694
GBR,final,FX,Germany,13.466,Jennifer Gadirova,0.8664474918509966,13.027434782608694
GBR,qual,FX,Germany,13.533,Jennifer Gadirova,0.8664474918509966,13.027434782608694
GBR,TeamFinal,FX,Germany,13.133,Jennifer Gadirova,0.8664474918509966,13.027434782608694
GBR,qual,BB,United Kingdom,11.95,Jennifer Gadirova,-0.3030279738435855,13.027434782608694
GBR,AAfinal,BB,United Kingdom,13.733,Jessica Gadirova,0.42789419221552827,13.717913793103449
GBR,qual,BB,United Kingdom,12.933,Jessica Gadirova,0.42789419221552827,13.717913793103449
GBR,AAfinal,FX,United Kingdom,14.4,Jessica Gadirova,0.42789419221552827,13.717913793103449
GBR,final,FX,United Kingdom,14.2,Jessica Gadirova,0.42789419221552827,13.717913793103449
GBR,qual,FX,United Kingdom,14.1,Jessica Gadirova,0.42789419221552827,13.717913793103449
GBR,TeamFinal,FX,United Kingdom,14.266,Jessica Gadirova,0.42789419221552827,13.717913793103449
GBR,AAfinal,UB,United Kingdom,13.233,Jessica Gadirova,0.42789419221552827,13.717913793103449
GBR,qual,UB,United Kingdom,13.166,Jessica Gadirova,0.42789419221552827,13.717913793103449
GBR,TeamFinal,UB,United Kingdom,12.8,Jessica Gadirova,0.42789419221552827,13.717913793103449
GBR,AAfinal,VT,United Kingdom,13.833,Jessica Gadirova,0.42789419221552827,13.717913793103449
GBR,TeamFinal,VT,United Kingdom,14.2,Jessica Gadirova,0.42789419221552827,13.717913793103449
GBR,qual,VT,United Kingdom,14.4,Jessica Gadirova,0.42789419221552827,13.717913793103449
GBR,qual,VT,United Kingdom,14.4,Jessica Gadirova,0.42789419221552827,13.717913793103449
GBR,qual,VT,United Kingdom,14.0,Jessica Gadirova,0.42789419221552827,13.717913793103449
GBR,final,BB,United Kingdom,13.55,Jessica Gadirova,1.5973696579101104,13.717913793103449
GBR,qual,BB,United Kingdom,13.3,Jessica Gadirova,1.5973696579101104,13.717913793103449
GBR,final,FX,United Kingdom,14.6,Jessica Gadirova,1.5973696579101104,13.717913793103449
GBR,qual,FX,United Kingdom,14.05,Jessica Gadirova,1.5973696579101104,13.717913793103449
GBR,final,UB,United Kingdom,12.9,Jessica Gadirova,1.5973696579101104,13.717913793103449
GBR,qual,UB,United Kingdom,13.25,Jessica Gadirova,1.5973696579101104,13.717913793103449
GBR,final,VT,United Kingdom,14.1,Jessica Gadirova,1.5973696579101104,13.717913793103449
GBR,qual,VT,United Kingdom,14.05,Jessica Gadirova,1.5973696579101104,13.717913793103449
GBR,final,VT,United Kingdom,13.7,Jessica Gadirova,1.5973696579101104,13.717913793103449
GBR,qual,VT,United Kingdom,13.6,Jessica Gadirova,1.5973696579101104,13.717913793103449
GBR,qual,BB,Germany,12.233,Jessica Gadirova,0.8664474918509966,13.717913793103449
GBR,final,FX,Germany,14.0,Jessica Gadirova,0.8664474918509966,13.717913793103449
GBR,qual,FX,Germany,13.766,Jessica Gadirova,0.8664474918509966,13.717913793103449
GBR,TeamFinal,FX,Germany,13.233,Jessica Gadirova,0.8664474918509966,13.717913793103449
GBR,qual,UB,Germany,12.833,Jessica Gadirova,0.8664474918509966,13.717913793103449
GBR,final,VT,Germany,14.066,Jessica Gadirova,0.8664474918509966,13.717913793103449
GBR,qual,VT,Germany,13.866,Jessica Gadirova,0.8664474918509966,13.717913793103449
GBR,qual,VT,Germany,13.866,Jessica Gadirova,0.8664474918509966,13.717913793103449
GBR,TeamFinal,VT,Germany,14.0,Jessica Gadirova,0.8664474918509966,13.717913793103449
GBR,final,VT,Germany,12.8,Jessica Gadirova,0.8664474918509966,13.717913793103449
GBR,qual,VT,Germany,13.533,Jessica Gadirova,0.8664474918509966,13.717913793103449
GBR,qual,BB,Belgium,14.0,Jessica Gadirova,-1.3263190063263448,13.717913793103449
GBR,TeamFinal,BB,Belgium,13.533,Jessica Gadirova,-1.3263190063263448,13.717913793103449
GBR,qual,FX,Belgium,14.4,Jessica Gadirova,-1.3263190063263448,13.717913793103449
GBR,TeamFinal,FX,Belgium,14.533,Jessica Gadirova,-1.3263190063263448,13.717913793103449
GBR,qual,UB,Belgium,13.766,Jessica Gadirova,-1.3263190063263448,13.717913793103449
GBR,TeamFinal,UB,Belgium,13.7,Jessica Gadirova,-1.3263190063263448,13.717913793103449
GBR,TeamFinal,VT,Belgium,13.0,Jessica Gadirova,-1.3263190063263448,13.717913793103449
GBR,qual,VT,Belgium,14.6,Jessica Gadirova,-1.3263190063263448,13.717913793103449
GBR,qual,VT,Belgium,14.233,Jessica Gadirova,-1.3263190063263448,13.717913793103449
GBR,final,BB,United Kingdom,13.65,Jessica Gadirova,-0.3030279738435855,13.717913793103449
GBR,qual,BB,United Kingdom,12.8,Jessica Gadirova,-0.3030279738435855,13.717913793103449
GBR,final,UB,United Kingdom,14.2,Jessica Gadirova,-0.3030279738435855,13.717913793103449
GBR,qual,UB,United Kingdom,13.5,Jessica Gadirova,-0.3030279738435855,13.717913793103449
GBR,AAfinal,BB,Turkey,13.533,Jessica Gadirova,-0.4126662987524526,13.717913793103449
GBR,final,BB,Turkey,12.166,Jessica Gadirova,-0.4126662987524526,13.717913793103449
GBR,qual,BB,Turkey,13.6,Jessica Gadirova,-0.4126662987524526,13.717913793103449
GBR,AAfinal,FX,Turkey,13.933,Jessica Gadirova,-0.4126662987524526,13.717913793103449
GBR,final,FX,Turkey,14.0,Jessica Gadirova,-0.4126662987524526,13.717913793103449
GBR,qual,FX,Turkey,13.9,Jessica Gadirova,-0.4126662987524526,13.717913793103449
GBR,AAfinal,UB,Turkey,13.466,Jessica Gadirova,-0.4126662987524526,13.717913793103449
GBR,qual,UB,Turkey,13.866,Jessica Gadirova,-0.4126662987524526,13.717913793103449
GBR,AAfinal,VT,Turkey,14.1,Jessica Gadirova,-0.4126662987524526,13.717913793103449
GBR,qual,VT,Turkey,14.2,Jessica Gadirova,-0.4126662987524526,13.717913793103449
GBR,qual,BB,United Kingdom,10.15,Ellie Gargett,1.5973696579101104,10.683333333333332
GBR,qual,FX,United Kingdom,10.05,Ellie Gargett,1.5973696579101104,10.683333333333332
GBR,qual,VT,United Kingdom,11.85,Ellie Gargett,1.5973696579101104,10.683333333333332
USA,AAfinal,BB,United States,12.65,Karis German,1.7435540911219332,13.0125
USA,AAfinal,FX,United States,13.15,Karis German,1.7435540911219332,13.0125
USA,AAfinal,UB,United States,12.9,Karis German,1.7435540911219332,13.0125
USA,AAfinal,VT,United States,13.35,Karis German,1.7435540911219332,13.0125
NED,qual,BB,Germany,11.25,Elisabeth Geurts,-0.2664818655406298,12.5875
NED,qual,FX,Germany,12.0,Elisabeth Geurts,-0.2664818655406298,12.5875
NED,qual,UB,Germany,13.1,Elisabeth Geurts,-0.2664818655406298,12.5875
NED,qual,VT,Germany,14.0,Elisabeth Geurts,-0.2664818655406298,12.5875
ROU,qual,BB,Belgium,12.433,Amalia Ghigoarta,-1.3263190063263448,12.478545454545456
ROU,qual,UB,Belgium,12.6,Amalia Ghigoarta,-1.3263190063263448,12.478545454545456
ROU,AAfinal,BB,Turkey,12.9,Amalia Ghigoarta,-0.4126662987524526,12.478545454545456
ROU,final,BB,Turkey,12.9,Amalia Ghigoarta,-0.4126662987524526,12.478545454545456
ROU,qual,BB,Turkey,13.133,Amalia Ghigoarta,-0.4126662987524526,12.478545454545456
ROU,AAfinal,FX,Turkey,12.733,Amalia Ghigoarta,-0.4126662987524526,12.478545454545456
ROU,qual,FX,Turkey,12.4,Amalia Ghigoarta,-0.4126662987524526,12.478545454545456
ROU,AAfinal,UB,Turkey,9.266,Amalia Ghigoarta,-0.4126662987524526,12.478545454545456
ROU,qual,UB,Turkey,12.766,Amalia Ghigoarta,-0.4126662987524526,12.478545454545456
ROU,AAfinal,VT,Turkey,13.0,Amalia Ghigoarta,-0.4126662987524526,12.478545454545456
ROU,qual,VT,Turkey,13.133,Amalia Ghigoarta,-0.4126662987524526,12.478545454545456
AUS,AAfinal,BB,United Kingdom,12.4,Georgia Godwin,0.42789419221552827,13.29376923076923
AUS,qual,BB,United Kingdom,13.0,Georgia Godwin,0.42789419221552827,13.29376923076923
AUS,AAfinal,FX,United Kingdom,13.033,Georgia Godwin,0.42789419221552827,13.29376923076923
AUS,qual,FX,United Kingdom,12.933,Georgia Godwin,0.42789419221552827,13.29376923076923
AUS,AAfinal,UB,United Kingdom,13.5,Georgia Godwin,0.42789419221552827,13.29376923076923
AUS,qual,UB,United Kingdom,13.333,Georgia Godwin,0.42789419221552827,13.29376923076923
AUS,AAfinal,VT,United Kingdom,13.766,Georgia Godwin,0.42789419221552827,13.29376923076923
AUS,qual,VT,United Kingdom,13.6,Georgia Godwin,0.42789419221552827,13.29376923076923
AUS,AAfinal,BB,Belgium,12.266,Georgia Godwin,-1.3263190063263448,13.29376923076923
AUS,qual,BB,Belgium,13.133,Georgia Godwin,-1.3263190063263448,13.29376923076923
AUS,AAfinal,FX,Belgium,12.333,Georgia Godwin,-1.3263190063263448,13.29376923076923
AUS,qual,FX,Belgium,12.766,Georgia Godwin,-1.3263190063263448,13.29376923076923
AUS,AAfinal,UB,Belgium,13.5,Georgia Godwin,-1.3263190063263448,13.29376923076923
AUS,qual,UB,Belgium,13.666,Georgia Godwin,-1.3263190063263448,13.29376923076923
AUS,AAfinal,VT,Belgium,13.6,Georgia Godwin,-1.3263190063263448,13.29376923076923
AUS,qual,VT,Belgium,13.633,Georgia Godwin,-1.3263190063263448,13.29376923076923
AUS,qual,VT,Belgium,13.633,Georgia Godwin,-1.3263190063263448,13.29376923076923
AUS,qual,VT,Belgium,12.933,Georgia Godwin,-1.3263190063263448,13.29376923076923
AUS,final,BB,Croatia,13.9,Georgia Godwin,-0.7050351651760981,13.29376923076923
AUS,qual,BB,Croatia,12.6,Georgia Godwin,-0.7050351651760981,13.29376923076923
AUS,qual,FX,Croatia,13.833,Georgia Godwin,-0.7050351651760981,13.29376923076923
AUS,final,FX,Croatia,13.4,Georgia Godwin,-0.7050351651760981,13.29376923076923
AUS,qual,UB,Croatia,13.6,Georgia Godwin,-0.7050351651760981,13.29376923076923
AUS,final,UB,Croatia,13.7,Georgia Godwin,-0.7050351651760981,13.29376923076923
AUS,final,VT,Croatia,14.066,Georgia Godwin,-0.7050351651760981,13.29376923076923
AUS,qual,VT,Croatia,14.033,Georgia Godwin,-0.7050351651760981,13.29376923076923
AUS,final,VT,Croatia,12.6,Georgia Godwin,-0.7050351651760981,13.29376923076923
AUS,qual,VT,Croatia,13.6,Georgia Godwin,-0.7050351651760981,13.29376923076923
AUS,final,BB,Israel,12.633,Georgia Godwin,-0.6684890568731424,13.29376923076923
AUS,qual,BB,Israel,13.733,Georgia Godwin,-0.6684890568731424,13.29376923076923
AUS,final,FX,Israel,13.567,Georgia Godwin,-0.6684890568731424,13.29376923076923
AUS,qual,FX,Israel,13.467,Georgia Godwin,-0.6684890568731424,13.29376923076923
AUS,qual,UB,Israel,13.033,Georgia Godwin,-0.6684890568731424,13.29376923076923
AUS,final,UB,Israel,12.867,Georgia Godwin,-0.6684890568731424,13.29376923076923
AUS,final,VT,Israel,13.8,Georgia Godwin,-0.6684890568731424,13.29376923076923
AUS,qual,VT,Israel,13.6,Georgia Godwin,-0.6684890568731424,13.29376923076923
AUS,final,VT,Israel,12.6,Georgia Godwin,-0.6684890568731424,13.29376923076923
AUS,qual,VT,Israel,12.567,Georgia Godwin,-0.6684890568731424,13.29376923076923
AUS,AAfinal,BB,United Kingdom,13.75,Georgia Godwin,0.929097963227492,13.29376923076923
AUS,final,BB,United Kingdom,13.433,Georgia Godwin,0.929097963227492,13.29376923076923
AUS,qual,BB,United Kingdom,13.6,Georgia Godwin,0.929097963227492,13.29376923076923
AUS,AAfinal,FX,United Kingdom,12.95,Georgia Godwin,0.929097963227492,13.29376923076923
AUS,qual,FX,United Kingdom,12.65,Georgia Godwin,0.929097963227492,13.29376923076923
AUS,AAfinal,UB,United Kingdom,13.55,Georgia Godwin,0.929097963227492,13.29376923076923
AUS,final,UB,United Kingdom,13.5,Georgia Godwin,0.929097963227492,13.29376923076923
AUS,qual,UB,United Kingdom,13.65,Georgia Godwin,0.929097963227492,13.29376923076923
AUS,AAfinal,VT,United Kingdom,13.3,Georgia Godwin,0.929097963227492,13.29376923076923
AUS,qual,VT,United Kingdom,13.75,Georgia Godwin,0.929097963227492,13.29376923076923
AUS,final,VT,United Kingdom,13.7,Georgia Godwin,0.929097963227492,13.29376923076923
AUS,qual,VT,United Kingdom,13.75,Georgia Godwin,0.929097963227492,13.29376923076923
AUS,final,VT,United Kingdom,12.766,Georgia Godwin,0.929097963227492,13.29376923076923
AUS,qual,VT,United Kingdom,12.7,Georgia Godwin,0.929097963227492,13.29376923076923
BRA,TeamFinal,FX,Colombia,11.167,Luisa Gomes Maia,-0.6319429485701867,12.174999999999999
BRA,qual,FX,Colombia,12.833,Luisa Gomes Maia,-0.6319429485701867,12.174999999999999
BRA,qual,VT,Colombia,12.0,Luisa Gomes Maia,-0.6319429485701867,12.174999999999999
GBR,qual,BB,United Kingdom,10.4,Eilidh Gorrell,1.5973696579101104,11.345833333333333
GBR,qual,FX,United Kingdom,11.95,Eilidh Gorrell,1.5973696579101104,11.345833333333333
GBR,qual,UB,United Kingdom,11.0,Eilidh Gorrell,1.5973696579101104,11.345833333333333
GBR,qual,VT,United Kingdom,11.05,Eilidh Gorrell,1.5973696579101104,11.345833333333333
GBR,qual,BB,United Kingdom,11.2,Eilidh Gorrell,-0.3030279738435855,11.345833333333333
GBR,qual,FX,United Kingdom,11.5,Eilidh Gorrell,-0.3030279738435855,11.345833333333333
GBR,qual,UB,United Kingdom,11.6,Eilidh Gorrell,-0.3030279738435855,11.345833333333333
GBR,qual,VT,United Kingdom,11.95,Eilidh Gorrell,-0.3030279738435855,11.345833333333333
GBR,qual,BB,United Kingdom,11.35,Eilidh Gorrell,0.929097963227492,11.345833333333333
GBR,qual,FX,United Kingdom,11.7,Eilidh Gorrell,0.929097963227492,11.345833333333333
GBR,qual,UB,United Kingdom,10.75,Eilidh Gorrell,0.929097963227492,11.345833333333333
GBR,qual,VT,United Kingdom,11.7,Eilidh Gorrell,0.929097963227492,11.345833333333333
GBR,qual,BB,United Kingdom,11.55,Shanna Kae Grant,1.5973696579101104,12.227777777777778
GBR,qual,FX,United Kingdom,11.8,Shanna Kae Grant,1.5973696579101104,12.227777777777778
GBR,qual,UB,United Kingdom,11.8,Shanna Kae Grant,1.5973696579101104,12.227777777777778
GBR,qual,VT,United Kingdom,12.25,Shanna Kae Grant,1.5973696579101104,12.227777777777778
GBR,qual,BB,United Kingdom,11.6,Shanna Kae Grant,-0.3030279738435855,12.227777777777778
GBR,final,FX,United Kingdom,13.35,Shanna Kae Grant,-0.3030279738435855,12.227777777777778
GBR,qual,FX,United Kingdom,12.95,Shanna Kae Grant,-0.3030279738435855,12.227777777777778
GBR,qual,UB,United Kingdom,12.0,Shanna Kae Grant,-0.3030279738435855,12.227777777777778
GBR,qual,VT,United Kingdom,12.75,Shanna Kae Grant,-0.3030279738435855,12.227777777777778
USA,qual,UB,United States,13.6,Olivia Greaves,0.8351222561627488,13.524999999999999
USA,final,UB,United States,13.45,Olivia Greaves,0.8351222561627488,13.524999999999999
CAN,qual,BB,Bulgaria,11.666,Maddison Hajjar,-0.6319429485701867,12.283
CAN,final,FX,Bulgaria,12.832999999999998,Maddison Hajjar,-0.6319429485701867,12.283
CAN,qual,FX,Bulgaria,12.633,Maddison Hajjar,-0.6319429485701867,12.283
CAN,qual,UB,Bulgaria,11.766,Maddison Hajjar,-0.6319429485701867,12.283
CAN,qual,BB,Germany,12.55,Maddison Hajjar,-0.2664818655406298,12.283
CAN,qual,FX,Germany,12.25,Maddison Hajjar,-0.2664818655406298,12.283
GBR,qual,BB,United Kingdom,10.15,Charlotte Hasler,-0.3030279738435855,10.2125
GBR,qual,FX,United Kingdom,10.6,Charlotte Hasler,-0.3030279738435855,10.2125
GBR,qual,UB,United Kingdom,8.6,Charlotte Hasler,-0.3030279738435855,10.2125
GBR,qual,VT,United Kingdom,11.5,Charlotte Hasler,-0.3030279738435855,10.2125
JPN,AAfinal,BB,Belgium,13.133,Chiaki Hatakeda,-1.3263190063263448,12.847
JPN,qual,BB,Belgium,13.166,Chiaki Hatakeda,-1.3263190063263448,12.847
JPN,AAfinal,FX,Belgium,12.6,Chiaki Hatakeda,-1.3263190063263448,12.847
JPN,qual,FX,Belgium,12.6,Chiaki Hatakeda,-1.3263190063263448,12.847
JPN,TeamFinal,FX,Belgium,12.866,Chiaki Hatakeda,-1.3263190063263448,12.847
JPN,AAfinal,UB,Belgium,13.166,Chiaki Hatakeda,-1.3263190063263448,12.847
JPN,qual,UB,Belgium,12.933,Chiaki Hatakeda,-1.3263190063263448,12.847
JPN,TeamFinal,UB,Belgium,12.866,Chiaki Hatakeda,-1.3263190063263448,12.847
JPN,AAfinal,VT,Belgium,12.966,Chiaki Hatakeda,-1.3263190063263448,12.847
JPN,TeamFinal,VT,Belgium,11.8,Chiaki Hatakeda,-1.3263190063263448,12.847
JPN,qual,VT,Belgium,13.5,Chiaki Hatakeda,-1.3263190063263448,12.847
JPN,final,BB,Qatar,12.933,Chiaki Hatakeda,-0.18816877632001047,12.847
JPN,qual,BB,Qatar,12.966,Chiaki Hatakeda,-0.18816877632001047,12.847
JPN,final,FX,Qatar,12.9,Chiaki Hatakeda,-0.18816877632001047,12.847
JPN,qual,FX,Qatar,12.766,Chiaki Hatakeda,-0.18816877632001047,12.847
JPN,qual,BB,China,12.3,Chiaki Hatakeda,-0.9921831589850356,12.847
JPN,qual,FX,China,12.966,Chiaki Hatakeda,-0.9921831589850356,12.847
JPN,qual,UB,China,12.1,Chiaki Hatakeda,-0.9921831589850356,12.847
JPN,qual,VT,China,13.566,Chiaki Hatakeda,-0.9921831589850356,12.847
FRA,AAfinal,BB,United Kingdom,11.933,Carolann Heduit,0.42789419221552827,12.981625000000001
FRA,qual,BB,United Kingdom,12.033,Carolann Heduit,0.42789419221552827,12.981625000000001
FRA,TeamFinal,BB,United Kingdom,11.633,Carolann Heduit,0.42789419221552827,12.981625000000001
FRA,AAfinal,FX,United Kingdom,11.9,Carolann Heduit,0.42789419221552827,12.981625000000001
FRA,qual,FX,United Kingdom,13.166,Carolann Heduit,0.42789419221552827,12.981625000000001
FRA,AAfinal,UB,United Kingdom,13.266,Carolann Heduit,0.42789419221552827,12.981625000000001
FRA,qual,UB,United Kingdom,13.466,Carolann Heduit,0.42789419221552827,12.981625000000001
FRA,TeamFinal,UB,United Kingdom,13.433,Carolann Heduit,0.42789419221552827,12.981625000000001
FRA,AAfinal,VT,United Kingdom,13.433,Carolann Heduit,0.42789419221552827,12.981625000000001
FRA,TeamFinal,VT,United Kingdom,14.0,Carolann Heduit,0.42789419221552827,12.981625000000001
FRA,qual,VT,United Kingdom,14.033,Carolann Heduit,0.42789419221552827,12.981625000000001
FRA,final,BB,Azerbaijan,12.333,Carolann Heduit,1.5608235496071545,12.981625000000001
FRA,qual,BB,Azerbaijan,13.333,Carolann Heduit,1.5608235496071545,12.981625000000001
FRA,qual,FX,Azerbaijan,12.266,Carolann Heduit,1.5608235496071545,12.981625000000001
FRA,qual,UB,Azerbaijan,12.366,Carolann Heduit,1.5608235496071545,12.981625000000001
FRA,final,BB,Germany,13.4,Carolann Heduit,0.8664474918509966,12.981625000000001
FRA,qual,BB,Germany,13.4,Carolann Heduit,0.8664474918509966,12.981625000000001
FRA,TeamFinal,BB,Germany,11.3,Carolann Heduit,0.8664474918509966,12.981625000000001
FRA,qual,FX,Germany,12.766,Carolann Heduit,0.8664474918509966,12.981625000000001
FRA,TeamFinal,FX,Germany,12.966,Carolann Heduit,0.8664474918509966,12.981625000000001
FRA,qual,UB,Germany,13.733,Carolann Heduit,0.8664474918509966,12.981625000000001
FRA,TeamFinal,UB,Germany,13.8,Carolann Heduit,0.8664474918509966,12.981625000000001
FRA,qual,VT,Germany,13.8,Carolann Heduit,0.8664474918509966,12.981625000000001
FRA,TeamFinal,VT,Germany,13.8,Carolann Heduit,0.8664474918509966,12.981625000000001
GBR,final,BB,United Kingdom,11.8,Tommera Hendricks,1.5973696579101104,11.633333333333333
GBR,qual,BB,United Kingdom,12.45,Tommera Hendricks,1.5973696579101104,11.633333333333333
GBR,qual,FX,United Kingdom,10.5,Tommera Hendricks,1.5973696579101104,11.633333333333333
GBR,qual,UB,United Kingdom,12.45,Tommera Hendricks,1.5973696579101104,11.633333333333333
GBR,qual,VT,United Kingdom,12.8,Tommera Hendricks,1.5973696579101104,11.633333333333333
GBR,qual,BB,United Kingdom,10.6,Tommera Hendricks,-0.3030279738435855,11.633333333333333
GBR,qual,FX,United Kingdom,11.75,Tommera Hendricks,-0.3030279738435855,11.633333333333333
GBR,qual,UB,United Kingdom,9.4,Tommera Hendricks,-0.3030279738435855,11.633333333333333
GBR,qual,VT,United Kingdom,12.95,Tommera Hendricks,-0.3030279738435855,11.633333333333333
NED,qual,FX,Croatia,9.666,Sam Van Der Hilst,1.1953624665775977,10.766
NED,qual,UB,Croatia,11.866,Sam Van Der Hilst,1.1953624665775977,10.766
GBR,qual,BB,United Kingdom,10.9,Halle Hilton,1.5973696579101104,11.8125
GBR,qual,FX,United Kingdom,12.5,Halle Hilton,1.5973696579101104,11.8125
GBR,qual,UB,United Kingdom,11.0,Halle Hilton,1.5973696579101104,11.8125
GBR,qual,VT,United Kingdom,12.85,Halle Hilton,1.5973696579101104,11.8125
CHN,final,UB,Belgium,14.766,Zhuofan Huang,-1.3263190063263448,14.610666666666667
CHN,qual,UB,Belgium,14.533,Zhuofan Huang,-1.3263190063263448,14.610666666666667
CHN,TeamFinal,UB,Belgium,14.533,Zhuofan Huang,-1.3263190063263448,14.610666666666667
ITA,qual,BB,Belgium,13.4,Elisa Iorio,-1.3263190063263448,13.46642857142857
ITA,TeamFinal,BB,Belgium,13.5,Elisa Iorio,-1.3263190063263448,13.46642857142857
ITA,qual,FX,Belgium,12.933,Elisa Iorio,-1.3263190063263448,13.46642857142857
ITA,qual,UB,Belgium,13.4,Elisa Iorio,-1.3263190063263448,13.46642857142857
ITA,TeamFinal,UB,Belgium,14.033,Elisa Iorio,-1.3263190063263448,13.46642857142857
ITA,qual,VT,Belgium,13.233,Elisa Iorio,-1.3263190063263448,13.46642857142857
ITA,qual,UB,Germany,13.766,Elisa Iorio,-0.15684354063176276,13.46642857142857
FRA,TeamFinal,BB,United Kingdom,11.2,Melanie De Jesus Dos Santos,0.42789419221552827,13.340304347826088
FRA,TeamFinal,FX,United Kingdom,13.366,Melanie De Jesus Dos Santos,0.42789419221552827,13.340304347826088
FRA,TeamFinal,UB,United Kingdom,13.066,Melanie De Jesus Dos Santos,0.42789419221552827,13.340304347826088
FRA,TeamFinal,VT,United Kingdom,13.7,Melanie De Jesus Dos Santos,0.42789419221552827,13.340304347826088
FRA,qual,BB,United Kingdom,12.533,Melanie De Jesus Dos Santos,0.42789419221552827,13.340304347826088
FRA,qual,FX,United Kingdom,13.266,Melanie De Jesus Dos Santos,0.42789419221552827,13.340304347826088
FRA,qual,UB,United Kingdom,14.4,Melanie De Jesus Dos Santos,0.42789419221552827,13.340304347826088
FRA,qual,VT,United Kingdom,13.666,Melanie De Jesus Dos Santos,0.42789419221552827,13.340304347826088
FRA,qual,BB,Belgium,12.733,Melanie De Jesus Dos Santos,-1.3263190063263448,13.340304347826088
FRA,qual,FX,Belgium,13.3,Melanie De Jesus Dos Santos,-1.3263190063263448,13.340304347826088
FRA,qual,UB,Belgium,14.066,Melanie De Jesus Dos Santos,-1.3263190063263448,13.340304347826088
FRA,qual,VT,Belgium,14.366,Melanie De Jesus Dos Santos,-1.3263190063263448,13.340304347826088
CHN,qual,FX,Singapore,12.733,Ruoyi Jia,-0.7415812734790538,12.733
USA,AAfinal,BB,United States,11.0,Madray Johnson,-0.9974040315997436,12.835642857142858
USA,AAfinal,VT,United States,12.65,Madray Johnson,-0.9974040315997436,12.835642857142858
USA,qual,BB,United States,13.5,Madray Johnson,-1.1070423565086107,12.835642857142858
USA,final,BB,United States,12.8,Madray Johnson,-1.1070423565086107,12.835642857142858
USA,qual,FX,United States,12.9,Madray Johnson,-1.1070423565086107,12.835642857142858
USA,final,FX,United States,12.6,Madray Johnson,-1.1070423565086107,12.835642857142858
USA,qual,UB,United States,12.9,Madray Johnson,-1.1070423565086107,12.835642857142858
USA,final,UB,United States,12.95,Madray Johnson,-1.1070423565086107,12.835642857142858
USA,qual,VT,United States,13.55,Madray Johnson,-1.1070423565086107,12.835642857142858
USA,final,VT,United States,13.05,Madray Johnson,-1.1070423565086107,12.835642857142858
USA,TeamFinal,BB,Colombia,12.533,Madray Johnson,-0.6319429485701867,12.835642857142858
USA,qual,BB,Colombia,12.833,Madray Johnson,-0.6319429485701867,12.835642857142858
USA,TeamFinal,UB,Colombia,13.3,Madray Johnson,-0.6319429485701867,12.835642857142858
USA,qual,UB,Colombia,13.133,Madray Johnson,-0.6319429485701867,12.835642857142858
USA,AAfinal,BB,United Kingdom,13.1,Shilese Jones,0.42789419221552827,13.959584905660376
USA,qual,BB,United Kingdom,13.2,Shilese Jones,0.42789419221552827,13.959584905660376
USA,AAfinal,FX,United Kingdom,13.7,Shilese Jones,0.42789419221552827,13.959584905660376
USA,qual,FX,United Kingdom,13.8,Shilese Jones,0.42789419221552827,13.959584905660376
USA,TeamFinal,FX,United Kingdom,13.733,Shilese Jones,0.42789419221552827,13.959584905660376
USA,AAfinal,UB,United Kingdom,14.366,Shilese Jones,0.42789419221552827,13.959584905660376
USA,final,UB,United Kingdom,14.766,Shilese Jones,0.42789419221552827,13.959584905660376
USA,qual,UB,United Kingdom,14.566,Shilese Jones,0.42789419221552827,13.959584905660376
USA,TeamFinal,UB,United Kingdom,14.333,Shilese Jones,0.42789419221552827,13.959584905660376
USA,AAfinal,VT,United Kingdom,14.233,Shilese Jones,0.42789419221552827,13.959584905660376
USA,TeamFinal,VT,United Kingdom,13.933,Shilese Jones,0.42789419221552827,13.959584905660376
USA,qual,VT,United Kingdom,14.2,Shilese Jones,0.42789419221552827,13.959584905660376
USA,qual,BB,France,13.45,Shilese Jones,0.6471708420332624,13.959584905660376
USA,final,BB,France,13.4,Shilese Jones,0.6471708420332624,13.959584905660376
USA,final,FX,France,13.5,Shilese Jones,0.6471708420332624,13.959584905660376
USA,qual,FX,France,12.55,Shilese Jones,0.6471708420332624,13.959584905660376
USA,qual,UB,France,13.2,Shilese Jones,0.6471708420332624,13.959584905660376
USA,final,UB,France,14.7,Shilese Jones,0.6471708420332624,13.959584905660376
USA,qual,BB,United States,13.7,Shilese Jones,0.8351222561627488,13.959584905660376
USA,final,BB,United States,12.45,Shilese Jones,0.8351222561627488,13.959584905660376
USA,qual,FX,United States,14.1,Shilese Jones,0.8351222561627488,13.959584905660376
USA,final,FX,United States,14.25,Shilese Jones,0.8351222561627488,13.959584905660376
USA,qual,UB,United States,14.85,Shilese Jones,0.8351222561627488,13.959584905660376
USA,final,UB,United States,13.6,Shilese Jones,0.8351222561627488,13.959584905660376
USA,qual,VT,United States,14.55,Shilese Jones,0.8351222561627488,13.959584905660376
USA,final,VT,United States,14.5,Shilese Jones,0.8351222561627488,13.959584905660376
USA,AAfinal,BB,United States,11.5,Shilese Jones,0.9395397084569079,13.959584905660376
USA,AAfinal,FX,United States,13.65,Shilese Jones,0.9395397084569079,13.959584905660376
USA,AAfinal,UB,United States,14.5,Shilese Jones,0.9395397084569079,13.959584905660376
USA,AAfinal,VT,United States,14.4,Shilese Jones,0.9395397084569079,13.959584905660376
USA,AAfinal,BB,Belgium,14.066,Shilese Jones,-1.3263190063263448,13.959584905660376
USA,final,BB,Belgium,12.933,Shilese Jones,-1.3263190063263448,13.959584905660376
USA,qual,BB,Belgium,14.033,Shilese Jones,-1.3263190063263448,13.959584905660376
USA,TeamFinal,BB,Belgium,13.6,Shilese Jones,-1.3263190063263448,13.959584905660376
USA,AAfinal,FX,Belgium,13.4,Shilese Jones,-1.3263190063263448,13.959584905660376
USA,final,FX,Belgium,13.666,Shilese Jones,-1.3263190063263448,13.959584905660376
USA,qual,FX,Belgium,13.8,Shilese Jones,-1.3263190063263448,13.959584905660376
USA,TeamFinal,FX,Belgium,13.566,Shilese Jones,-1.3263190063263448,13.959584905660376
USA,AAfinal,UB,Belgium,14.633,Shilese Jones,-1.3263190063263448,13.959584905660376
USA,final,UB,Belgium,14.766,Shilese Jones,-1.3263190063263448,13.959584905660376
USA,qual,UB,Belgium,14.833,Shilese Jones,-1.3263190063263448,13.959584905660376
USA,TeamFinal,UB,Belgium,14.633,Shilese Jones,-1.3263190063263448,13.959584905660376
USA,AAfinal,VT,Belgium,14.233,Shilese Jones,-1.3263190063263448,13.959584905660376
USA,TeamFinal,VT,Belgium,14.1,Shilese Jones,-1.3263190063263448,13.959584905660376
USA,qual,VT,Belgium,14.266,Shilese Jones,-1.3263190063263448,13.959584905660376
USA,qual,BB,United States,13.45,Shilese Jones,-1.1070423565086107,13.959584905660376
USA,final,BB,United States,14.3,Shilese Jones,-1.1070423565086107,13.959584905660376
USA,qual,FX,United States,14.05,Shilese Jones,-1.1070423565086107,13.959584905660376
USA,final,FX,United States,14.1,Shilese Jones,-1.1070423565086107,13.959584905660376
USA,qual,UB,United States,14.9,Shilese Jones,-1.1070423565086107,13.959584905660376
USA,final,UB,United States,15.0,Shilese Jones,-1.1070423565086107,13.959584905660376
USA,qual,VT,United States,14.35,Shilese Jones,-1.1070423565086107,13.959584905660376
USA,final,VT,United States,14.4,Shilese Jones,-1.1070423565086107,13.959584905660376
USA,qual,FX,Hungary,13.466,Katelyn Jong,0.6106247337303067,13.139333333333333
USA,final,FX,Hungary,13.5,Katelyn Jong,0.6106247337303067,13.139333333333333
USA,qual,UB,Hungary,13.366,Katelyn Jong,0.6106247337303067,13.139333333333333
USA,final,UB,Hungary,13.133,Katelyn Jong,0.6106247337303067,13.139333333333333
USA,qual,BB,United States,13.2,Katelyn Jong,0.8351222561627488,13.139333333333333
USA,final,BB,United States,13.35,Katelyn Jong,0.8351222561627488,13.139333333333333
USA,qual,FX,United States,13.1,Katelyn Jong,0.8351222561627488,13.139333333333333
USA,final,FX,United States,13.0,Katelyn Jong,0.8351222561627488,13.139333333333333
USA,qual,UB,United States,12.2,Katelyn Jong,0.8351222561627488,13.139333333333333
USA,final,UB,United States,12.7,Katelyn Jong,0.8351222561627488,13.139333333333333
USA,qual,VT,United States,13.95,Katelyn Jong,0.8351222561627488,13.139333333333333
USA,final,VT,United States,13.85,Katelyn Jong,0.8351222561627488,13.139333333333333
USA,AAfinal,BB,United States,13.05,Katelyn Jong,1.7435540911219332,13.139333333333333
USA,AAfinal,FX,United States,13.05,Katelyn Jong,1.7435540911219332,13.139333333333333
USA,AAfinal,UB,United States,12.75,Katelyn Jong,1.7435540911219332,13.139333333333333
USA,AAfinal,VT,United States,13.8,Katelyn Jong,1.7435540911219332,13.139333333333333
USA,AAfinal,BB,United States,12.95,Katelyn Jong,-0.9974040315997436,13.139333333333333
USA,AAfinal,FX,United States,13.05,Katelyn Jong,-0.9974040315997436,13.139333333333333
USA,AAfinal,UB,United States,13.75,Katelyn Jong,-0.9974040315997436,13.139333333333333
USA,AAfinal,VT,United States,13.7,Katelyn Jong,-0.9974040315997436,13.139333333333333
USA,qual,BB,United States,11.85,Katelyn Jong,-1.1070423565086107,13.139333333333333
USA,final,BB,United States,12.45,Katelyn Jong,-1.1070423565086107,13.139333333333333
USA,qual,FX,United States,13.15,Katelyn Jong,-1.1070423565086107,13.139333333333333
USA,final,FX,United States,13.5,Katelyn Jong,-1.1070423565086107,13.139333333333333
USA,qual,UB,United States,14.05,Katelyn Jong,-1.1070423565086107,13.139333333333333
USA,final,UB,United States,13.5,Katelyn Jong,-1.1070423565086107,13.139333333333333
USA,qual,VT,United States,13.85,Katelyn Jong,-1.1070423565086107,13.139333333333333
USA,final,VT,United States,13.8,Katelyn Jong,-1.1070423565086107,13.139333333333333
USA,AAfinal,BB,United States,10.5,Katelyn Jong,-0.15684354063176276,13.139333333333333
USA,AAfinal,FX,United States,12.7,Katelyn Jong,-0.15684354063176276,13.139333333333333
USA,AAfinal,UB,United States,12.2,Katelyn Jong,-0.15684354063176276,13.139333333333333
USA,AAfinal,VT,United States,13.5,Katelyn Jong,-0.15684354063176276,13.139333333333333
USA,qual,UB,Chile,13.633,Katelyn Jong,-1.41507384077638,13.139333333333333
USA,qual,BB,Hungary,11.866,Levi Jung-Ruivivar,0.6106247337303067,12.472
USA,final,FX,Hungary,12.666,Levi Jung-Ruivivar,0.6106247337303067,12.472
USA,qual,FX,Hungary,13.2,Levi Jung-Ruivivar,0.6106247337303067,12.472
USA,qual,BB,United States,13.15,Levi Jung-Ruivivar,0.8351222561627488,12.472
USA,final,BB,United States,13.1,Levi Jung-Ruivivar,0.8351222561627488,12.472
USA,qual,FX,United States,12.75,Levi Jung-Ruivivar,0.8351222561627488,12.472
USA,final,FX,United States,12.2,Levi Jung-Ruivivar,0.8351222561627488,12.472
USA,qual,UB,United States,12.05,Levi Jung-Ruivivar,0.8351222561627488,12.472
USA,final,UB,United States,13.15,Levi Jung-Ruivivar,0.8351222561627488,12.472
USA,qual,VT,United States,13.1,Levi Jung-Ruivivar,0.8351222561627488,12.472
USA,final,VT,United States,13.15,Levi Jung-Ruivivar,0.8351222561627488,12.472
USA,AAfinal,BB,United States,11.6,Levi Jung-Ruivivar,0.9395397084569079,12.472
USA,AAfinal,UB,United States,12.9,Levi Jung-Ruivivar,0.9395397084569079,12.472
USA,AAfinal,BB,United States,12.7,Levi Jung-Ruivivar,1.7435540911219332,12.472
USA,AAfinal,FX,United States,12.5,Levi Jung-Ruivivar,1.7435540911219332,12.472
USA,AAfinal,UB,United States,13.25,Levi Jung-Ruivivar,1.7435540911219332,12.472
USA,AAfinal,VT,United States,13.45,Levi Jung-Ruivivar,1.7435540911219332,12.472
USA,AAfinal,BB,United States,10.35,Levi Jung-Ruivivar,-0.9974040315997436,12.472
USA,AAfinal,UB,United States,12.9,Levi Jung-Ruivivar,-0.9974040315997436,12.472
USA,qual,BB,United States,12.3,Levi Jung-Ruivivar,-1.1070423565086107,12.472
USA,final,BB,United States,12.45,Levi Jung-Ruivivar,-1.1070423565086107,12.472
USA,qual,FX,United States,10.55,Levi Jung-Ruivivar,-1.1070423565086107,12.472
USA,final,FX,United States,11.25,Levi Jung-Ruivivar,-1.1070423565086107,12.472
USA,qual,UB,United States,12.0,Levi Jung-Ruivivar,-1.1070423565086107,12.472
USA,final,UB,United States,13.35,Levi Jung-Ruivivar,-1.1070423565086107,12.472
USA,qual,VT,United States,13.4,Levi Jung-Ruivivar,-1.1070423565086107,12.472
USA,final,VT,United States,13.3,Levi Jung-Ruivivar,-1.1070423565086107,12.472
USA,AAfinal,BB,United States,10.85,Levi Jung-Ruivivar,-0.15684354063176276,12.472
USA,AAfinal,FX,United States,12.0,Levi Jung-Ruivivar,-0.15684354063176276,12.472
USA,AAfinal,UB,United States,11.65,Levi Jung-Ruivivar,-0.15684354063176276,12.472
USA,AAfinal,VT,United States,13.5,Levi Jung-Ruivivar,-0.15684354063176276,12.472
GBR,qual,BB,United Kingdom,9.7,Julia Kaczmarek,1.5973696579101104,10.85
GBR,qual,FX,United Kingdom,11.75,Julia Kaczmarek,1.5973696579101104,10.85
GBR,qual,UB,United Kingdom,10.25,Julia Kaczmarek,1.5973696579101104,10.85
GBR,qual,VT,United Kingdom,11.7,Julia Kaczmarek,1.5973696579101104,10.85
GBR,qual,BB,United Kingdom,9.8,Annais Ornella Kamanga,-0.3030279738435855,11.592857142857143
GBR,qual,FX,United Kingdom,11.4,Annais Ornella Kamanga,-0.3030279738435855,11.592857142857143
GBR,qual,UB,United Kingdom,9.9,Annais Ornella Kamanga,-0.3030279738435855,11.592857142857143
GBR,final,VT,United Kingdom,13.25,Annais Ornella Kamanga,-0.3030279738435855,11.592857142857143
GBR,qual,VT,United Kingdom,13.15,Annais Ornella Kamanga,-0.3030279738435855,11.592857142857143
GBR,final,VT,United Kingdom,11.4,Annais Ornella Kamanga,-0.3030279738435855,11.592857142857143
GBR,qual,VT,United Kingdom,12.25,Annais Ornella Kamanga,-0.3030279738435855,11.592857142857143
JPN,qual,BB,Qatar,13.8,Arisa Kasahara,1.16403723088935,12.926599999999999
JPN,final,BB,Qatar,13.833,Arisa Kasahara,1.16403723088935,12.926599999999999
JPN,qual,FX,Qatar,10.0,Arisa Kasahara,1.16403723088935,12.926599999999999
JPN,qual,UB,Qatar,13.467,Arisa Kasahara,1.16403723088935,12.926599999999999
JPN,final,UB,Qatar,13.533,Arisa Kasahara,1.16403723088935,12.926599999999999
GBR,qual,BB,United Kingdom,10.45,Cara Kennedy,1.5973696579101104,12.137684210526315
GBR,qual,FX,United Kingdom,12.55,Cara Kennedy,1.5973696579101104,12.137684210526315
GBR,qual,UB,United Kingdom,11.0,Cara Kennedy,1.5973696579101104,12.137684210526315
GBR,final,VT,United Kingdom,12.85,Cara Kennedy,1.5973696579101104,12.137684210526315
GBR,qual,VT,United Kingdom,13.15,Cara Kennedy,1.5973696579101104,12.137684210526315
GBR,final,VT,United Kingdom,12.55,Cara Kennedy,1.5973696579101104,12.137684210526315
GBR,qual,VT,United Kingdom,12.65,Cara Kennedy,1.5973696579101104,12.137684210526315
GBR,AAfinal,BB,United Kingdom,10.85,Cara Kennedy,0.929097963227492,12.137684210526315
GBR,qual,BB,United Kingdom,11.7,Cara Kennedy,0.929097963227492,12.137684210526315
GBR,AAfinal,FX,United Kingdom,12.2,Cara Kennedy,0.929097963227492,12.137684210526315
GBR,qual,FX,United Kingdom,12.25,Cara Kennedy,0.929097963227492,12.137684210526315
GBR,AAfinal,UB,United Kingdom,11.45,Cara Kennedy,0.929097963227492,12.137684210526315
GBR,qual,UB,United Kingdom,10.7,Cara Kennedy,0.929097963227492,12.137684210526315
GBR,AAfinal,VT,United Kingdom,12.2,Cara Kennedy,0.929097963227492,12.137684210526315
GBR,qual,VT,United Kingdom,13.35,Cara Kennedy,0.929097963227492,12.137684210526315
GBR,final,VT,United Kingdom,12.866,Cara Kennedy,0.929097963227492,12.137684210526315
GBR,qual,VT,United Kingdom,13.35,Cara Kennedy,0.929097963227492,12.137684210526315
GBR,final,VT,United Kingdom,12.4,Cara Kennedy,0.929097963227492,12.137684210526315
GBR,qual,VT,United Kingdom,12.1,Cara Kennedy,0.929097963227492,12.137684210526315
KOR,qual,BB,China,10.033,Seohyeon Kim,-0.9921831589850356,12.29957142857143
KOR,qual,FX,China,11.666,Seohyeon Kim,-0.9921831589850356,12.29957142857143
KOR,final,VT,China,13.1,Seohyeon Kim,-0.9921831589850356,12.29957142857143
KOR,qual,VT,China,13.166,Seohyeon Kim,-0.9921831589850356,12.29957142857143
KOR,qual,VT,China,13.066,Seohyeon Kim,-0.9921831589850356,12.29957142857143
KOR,final,VT,China,12.566,Seohyeon Kim,-0.9921831589850356,12.29957142857143
KOR,qual,VT,China,12.500000000000002,Seohyeon Kim,-0.9921831589850356,12.29957142857143
KOR,qual,UB,China,10.5,Subeen Kim,-0.9921831589850356,10.5
USA,AAfinal,BB,United States,11.55,Avery King,-0.9974040315997436,12.0
USA,AAfinal,FX,United States,12.45,Avery King,-0.9974040315997436,12.0
USA,AAfinal,UB,United States,11.45,Avery King,-0.9974040315997436,12.0
USA,AAfinal,VT,United States,12.55,Avery King,-0.9974040315997436,12.0
GBR,AAfinal,BB,United Kingdom,13.1,Alice Kinsella,0.42789419221552827,13.368616666666666
GBR,qual,BB,United Kingdom,13.066,Alice Kinsella,0.42789419221552827,13.368616666666666
GBR,TeamFinal,BB,United Kingdom,12.266,Alice Kinsella,0.42789419221552827,13.368616666666666
GBR,AAfinal,FX,United Kingdom,13.633,Alice Kinsella,0.42789419221552827,13.368616666666666
GBR,qual,FX,United Kingdom,12.3,Alice Kinsella,0.42789419221552827,13.368616666666666
GBR,TeamFinal,FX,United Kingdom,13.133,Alice Kinsella,0.42789419221552827,13.368616666666666
GBR,AAfinal,UB,United Kingdom,14.166,Alice Kinsella,0.42789419221552827,13.368616666666666
GBR,qual,UB,United Kingdom,14.166,Alice Kinsella,0.42789419221552827,13.368616666666666
GBR,TeamFinal,UB,United Kingdom,14.1,Alice Kinsella,0.42789419221552827,13.368616666666666
GBR,AAfinal,VT,United Kingdom,14.166,Alice Kinsella,0.42789419221552827,13.368616666666666
GBR,TeamFinal,VT,United Kingdom,14.133,Alice Kinsella,0.42789419221552827,13.368616666666666
GBR,qual,VT,United Kingdom,14.266,Alice Kinsella,0.42789419221552827,13.368616666666666
GBR,qual,BB,United Kingdom,11.65,Alice Kinsella,1.5973696579101104,13.368616666666666
GBR,final,FX,United Kingdom,13.2,Alice Kinsella,1.5973696579101104,13.368616666666666
GBR,qual,FX,United Kingdom,13.05,Alice Kinsella,1.5973696579101104,13.368616666666666
GBR,final,UB,United Kingdom,13.55,Alice Kinsella,1.5973696579101104,13.368616666666666
GBR,qual,UB,United Kingdom,13.2,Alice Kinsella,1.5973696579101104,13.368616666666666
GBR,qual,VT,United Kingdom,13.35,Alice Kinsella,1.5973696579101104,13.368616666666666
GBR,qual,BB,Germany,13.033,Alice Kinsella,0.8664474918509966,13.368616666666666
GBR,TeamFinal,BB,Germany,13.733,Alice Kinsella,0.8664474918509966,13.368616666666666
GBR,qual,FX,Germany,13.533,Alice Kinsella,0.8664474918509966,13.368616666666666
GBR,TeamFinal,FX,Germany,13.366,Alice Kinsella,0.8664474918509966,13.368616666666666
GBR,final,UB,Germany,11.666,Alice Kinsella,0.8664474918509966,13.368616666666666
GBR,qual,UB,Germany,13.966,Alice Kinsella,0.8664474918509966,13.368616666666666
GBR,TeamFinal,UB,Germany,14.0,Alice Kinsella,0.8664474918509966,13.368616666666666
GBR,qual,VT,Germany,13.6,Alice Kinsella,0.8664474918509966,13.368616666666666
GBR,TeamFinal,VT,Germany,13.466,Alice Kinsella,0.8664474918509966,13.368616666666666
GBR,AAfinal,BB,Belgium,13.433,Alice Kinsella,-1.3263190063263448,13.368616666666666
GBR,qual,BB,Belgium,12.133,Alice Kinsella,-1.3263190063263448,13.368616666666666
GBR,AAfinal,FX,Belgium,13.233,Alice Kinsella,-1.3263190063263448,13.368616666666666
GBR,final,FX,Belgium,12.666,Alice Kinsella,-1.3263190063263448,13.368616666666666
GBR,qual,FX,Belgium,13.633,Alice Kinsella,-1.3263190063263448,13.368616666666666
GBR,TeamFinal,FX,Belgium,13.633,Alice Kinsella,-1.3263190063263448,13.368616666666666
GBR,AAfinal,UB,Belgium,13.6,Alice Kinsella,-1.3263190063263448,13.368616666666666
GBR,qual,UB,Belgium,13.533,Alice Kinsella,-1.3263190063263448,13.368616666666666
GBR,TeamFinal,UB,Belgium,13.533,Alice Kinsella,-1.3263190063263448,13.368616666666666
GBR,AAfinal,VT,Belgium,13.766,Alice Kinsella,-1.3263190063263448,13.368616666666666
GBR,qual,VT,Belgium,14.0,Alice Kinsella,-1.3263190063263448,13.368616666666666
GBR,final,BB,United Kingdom,13.1,Alice Kinsella,-0.3030279738435855,13.368616666666666
GBR,qual,BB,United Kingdom,14.1,Alice Kinsella,-0.3030279738435855,13.368616666666666
GBR,final,FX,United Kingdom,13.9,Alice Kinsella,-0.3030279738435855,13.368616666666666
GBR,qual,FX,United Kingdom,13.7,Alice Kinsella,-0.3030279738435855,13.368616666666666
GBR,final,UB,United Kingdom,14.25,Alice Kinsella,-0.3030279738435855,13.368616666666666
GBR,qual,UB,United Kingdom,13.7,Alice Kinsella,-0.3030279738435855,13.368616666666666
GBR,qual,VT,United Kingdom,13.8,Alice Kinsella,-0.3030279738435855,13.368616666666666
GBR,qual,BB,Turkey,12.766,Alice Kinsella,-0.4126662987524526,13.368616666666666
GBR,final,FX,Turkey,13.666,Alice Kinsella,-0.4126662987524526,13.368616666666666
GBR,qual,FX,Turkey,13.466,Alice Kinsella,-0.4126662987524526,13.368616666666666
GBR,qual,UB,Turkey,12.466,Alice Kinsella,-0.4126662987524526,13.368616666666666
GBR,qual,VT,Turkey,13.833,Alice Kinsella,-0.4126662987524526,13.368616666666666
GBR,AAfinal,BB,United Kingdom,11.0,Alice Kinsella,0.929097963227492,13.368616666666666
GBR,final,BB,United Kingdom,12.933,Alice Kinsella,0.929097963227492,13.368616666666666
GBR,qual,BB,United Kingdom,13.45,Alice Kinsella,0.929097963227492,13.368616666666666
GBR,AAfinal,FX,United Kingdom,12.05,Alice Kinsella,0.929097963227492,13.368616666666666
GBR,final,FX,United Kingdom,13.366,Alice Kinsella,0.929097963227492,13.368616666666666
GBR,qual,FX,United Kingdom,13.45,Alice Kinsella,0.929097963227492,13.368616666666666
GBR,AAfinal,UB,United Kingdom,13.7,Alice Kinsella,0.929097963227492,13.368616666666666
GBR,qual,UB,United Kingdom,13.65,Alice Kinsella,0.929097963227492,13.368616666666666
GBR,AAfinal,VT,United Kingdom,13.85,Alice Kinsella,0.929097963227492,13.368616666666666
GBR,qual,VT,United Kingdom,13.9,Alice Kinsella,0.929097963227492,13.368616666666666
JPN,AAfinal,BB,Belgium,13.533,Rina Kishi,-1.3263190063263448,13.233090909090908
JPN,qual,BB,Belgium,12.7,Rina Kishi,-1.3263190063263448,13.233090909090908
JPN,TeamFinal,BB,Belgium,13.433,Rina Kishi,-1.3263190063263448,13.233090909090908
JPN,AAfinal,FX,Belgium,12.9,Rina Kishi,-1.3263190063263448,13.233090909090908
JPN,qual,FX,Belgium,13.333,Rina Kishi,-1.3263190063263448,13.233090909090908
JPN,TeamFinal,FX,Belgium,12.833,Rina Kishi,-1.3263190063263448,13.233090909090908
JPN,AAfinal,UB,Belgium,12.966,Rina Kishi,-1.3263190063263448,13.233090909090908
JPN,qual,UB,Belgium,12.166,Rina Kishi,-1.3263190063263448,13.233090909090908
JPN,AAfinal,VT,Belgium,13.8,Rina Kishi,-1.3263190063263448,13.233090909090908
JPN,TeamFinal,VT,Belgium,13.9,Rina Kishi,-1.3263190063263448,13.233090909090908
JPN,qual,VT,Belgium,14.0,Rina Kishi,-1.3263190063263448,13.233090909090908
JPN,final,FX,Germany,13.633,Azuki Kokufugata,-0.15684354063176276,13.083
JPN,qual,FX,Germany,13.566,Azuki Kokufugata,-0.15684354063176276,13.083
JPN,final,UB,Germany,12.4,Azuki Kokufugata,-0.15684354063176276,13.083
JPN,qual,UB,Germany,12.733,Azuki Kokufugata,-0.15684354063176276,13.083
GBR,qual,BB,United Kingdom,10.2,Veronika Kritski,1.5973696579101104,12.012500000000001
GBR,qual,FX,United Kingdom,11.75,Veronika Kritski,1.5973696579101104,12.012500000000001
GBR,qual,UB,United Kingdom,11.4,Veronika Kritski,1.5973696579101104,12.012500000000001
GBR,qual,VT,United Kingdom,13.0,Veronika Kritski,1.5973696579101104,12.012500000000001
GBR,qual,VT,United Kingdom,11.8,Veronika Kritski,1.5973696579101104,12.012500000000001
GBR,qual,BB,United Kingdom,11.1,Veronika Kritski,-0.3030279738435855,12.012500000000001
GBR,qual,FX,United Kingdom,11.7,Veronika Kritski,-0.3030279738435855,12.012500000000001
GBR,qual,UB,United Kingdom,11.7,Veronika Kritski,-0.3030279738435855,12.012500000000001
GBR,final,VT,United Kingdom,13.0,Veronika Kritski,-0.3030279738435855,12.012500000000001
GBR,qual,VT,United Kingdom,13.2,Veronika Kritski,-0.3030279738435855,12.012500000000001
GBR,final,VT,United Kingdom,12.7,Veronika Kritski,-0.3030279738435855,12.012500000000001
GBR,qual,VT,United Kingdom,12.6,Veronika Kritski,-0.3030279738435855,12.012500000000001
NED,qual,BB,Croatia,8.7,Celine Kusters,1.1953624665775977,10.966333333333333
NED,qual,FX,Croatia,11.466,Celine Kusters,1.1953624665775977,10.966333333333333
NED,qual,VT,Croatia,12.733,Celine Kusters,1.1953624665775977,10.966333333333333
JPN,final,BB,Germany,12.566,Hima Kusumoto,-0.2664818655406298,12.3332
JPN,qual,BB,Germany,12.7,Hima Kusumoto,-0.2664818655406298,12.3332
JPN,qual,FX,Germany,10.8,Hima Kusumoto,-0.2664818655406298,12.3332
JPN,qual,UB,Germany,12.6,Hima Kusumoto,-0.2664818655406298,12.3332
JPN,qual,VT,Germany,13.0,Hima Kusumoto,-0.2664818655406298,12.3332
CAN,TeamFinal,BB,Colombia,11.3,Jenna Lalonde,-0.6319429485701867,12.512
CAN,qual,BB,Colombia,12.533,Jenna Lalonde,-0.6319429485701867,12.512
CAN,qual,FX,Colombia,12.333,Jenna Lalonde,-0.6319429485701867,12.512
CAN,TeamFinal,UB,Colombia,13.033,Jenna Lalonde,-0.6319429485701867,12.512
CAN,qual,UB,Colombia,12.1,Jenna Lalonde,-0.6319429485701867,12.512
CAN,qual,VT,Colombia,12.8,Jenna Lalonde,-0.6319429485701867,12.512
CAN,qual,BB,United Kingdom,12.0,Jenna Lalonde,0.929097963227492,12.512
CAN,qual,FX,United Kingdom,12.2,Jenna Lalonde,0.929097963227492,12.512
CAN,final,UB,United Kingdom,13.333,Jenna Lalonde,0.929097963227492,12.512
CAN,qual,UB,United Kingdom,12.95,Jenna Lalonde,0.929097963227492,12.512
CAN,qual,VT,United Kingdom,13.05,Jenna Lalonde,0.929097963227492,12.512
GBR,qual,BB,United Kingdom,11.15,Isabelle Lamb,1.5973696579101104,10.885714285714286
GBR,qual,FX,United Kingdom,11.4,Isabelle Lamb,1.5973696579101104,10.885714285714286
GBR,qual,UB,United Kingdom,10.3,Isabelle Lamb,1.5973696579101104,10.885714285714286
GBR,qual,BB,United Kingdom,10.0,Isabelle Lamb,-0.3030279738435855,10.885714285714286
GBR,qual,FX,United Kingdom,10.95,Isabelle Lamb,-0.3030279738435855,10.885714285714286
GBR,qual,UB,United Kingdom,10.45,Isabelle Lamb,-0.3030279738435855,10.885714285714286
GBR,qual,VT,United Kingdom,11.95,Isabelle Lamb,-0.3030279738435855,10.885714285714286
FRA,qual,FX,Turkey,12.866,Djenna Laroui,-0.4126662987524526,12.315142857142858
FRA,qual,UB,Turkey,13.2,Djenna Laroui,-0.4126662987524526,12.315142857142858
FRA,qual,VT,Turkey,12.466,Djenna Laroui,-0.4126662987524526,12.315142857142858
FRA,qual,VT,Turkey,12.466,Djenna Laroui,-0.4126662987524526,12.315142857142858
FRA,qual,VT,Turkey,12.533,Djenna Laroui,-0.4126662987524526,12.315142857142858
FRA,qual,BB,Bulgaria,10.533,Djenna Laroui,-0.6319429485701867,12.315142857142858
FRA,qual,FX,Bulgaria,9.233,Djenna Laroui,-0.6319429485701867,12.315142857142858
FRA,final,UB,Bulgaria,12.9,Djenna Laroui,-0.6319429485701867,12.315142857142858
FRA,qual,UB,Bulgaria,13.133,Djenna Laroui,-0.6319429485701867,12.315142857142858
FRA,final,FX,Germany,12.666,Djenna Laroui,-0.2664818655406298,12.315142857142858
FRA,qual,FX,Germany,13.05,Djenna Laroui,-0.2664818655406298,12.315142857142858
FRA,final,UB,Germany,11.166,Djenna Laroui,-0.2664818655406298,12.315142857142858
FRA,qual,UB,Germany,13.7,Djenna Laroui,-0.2664818655406298,12.315142857142858
FRA,qual,VT,Germany,12.5,Djenna Laroui,-0.2664818655406298,12.315142857142858
GBR,qual,BB,United Kingdom,11.4,Alia Leat,1.5973696579101104,11.6125
GBR,qual,FX,United Kingdom,11.4,Alia Leat,1.5973696579101104,11.6125
GBR,qual,UB,United Kingdom,10.45,Alia Leat,1.5973696579101104,11.6125
GBR,qual,VT,United Kingdom,13.2,Alia Leat,1.5973696579101104,11.6125
CAN,qual,BB,Belgium,9.7,Cassandra Paige Lee,-1.3263190063263448,12.329444444444444
CAN,qual,FX,Belgium,12.666,Cassandra Paige Lee,-1.3263190063263448,12.329444444444444
CAN,qual,VT,Belgium,13.1,Cassandra Paige Lee,-1.3263190063263448,12.329444444444444
CAN,qual,BB,United Kingdom,12.1,Cassandra Paige Lee,0.929097963227492,12.329444444444444
CAN,final,FX,United Kingdom,12.9,Cassandra Paige Lee,0.929097963227492,12.329444444444444
CAN,qual,FX,United Kingdom,13.0,Cassandra Paige Lee,0.929097963227492,12.329444444444444
CAN,qual,BB,Chile,12.033,Cassandra Paige Lee,-1.41507384077638,12.329444444444444
CAN,qual,FX,Chile,12.333,Cassandra Paige Lee,-1.41507384077638,12.329444444444444
CAN,qual,BB,Colombia,13.133,Cassandra Paige Lee,-0.6319429485701867,12.329444444444444
KOR,qual,BB,United Kingdom,10.966,Dayeong Lee,0.42789419221552827,12.27975
KOR,qual,FX,United Kingdom,10.033,Dayeong Lee,0.42789419221552827,12.27975
KOR,qual,UB,United Kingdom,12.233,Dayeong Lee,0.42789419221552827,12.27975
KOR,qual,VT,United Kingdom,12.5,Dayeong Lee,0.42789419221552827,12.27975
KOR,qual,FX,Qatar,12.767,Dayeong Lee,1.16403723088935,12.27975
KOR,qual,UB,Qatar,11.967,Dayeong Lee,1.16403723088935,12.27975
KOR,qual,UB,Singapore,13.133,Dayeong Lee,-0.7415812734790538,12.27975
KOR,qual,FX,Belgium,12.533,Dayeong Lee,-1.3263190063263448,12.27975
KOR,qual,UB,Belgium,13.133,Dayeong Lee,-1.3263190063263448,12.27975
KOR,qual,VT,Belgium,13.266,Dayeong Lee,-1.3263190063263448,12.27975
KOR,final,BB,China,12.4,Dayeong Lee,-0.9921831589850356,12.27975
KOR,qual,BB,China,12.766000000000002,Dayeong Lee,-0.9921831589850356,12.27975
KOR,AAfinal,BB,China,10.933,Dayeong Lee,-0.9921831589850356,12.27975
KOR,final,FX,China,12.366,Dayeong Lee,-0.9921831589850356,12.27975
KOR,qual,FX,China,12.4,Dayeong Lee,-0.9921831589850356,12.27975
KOR,AAfinal,FX,China,12.233,Dayeong Lee,-0.9921831589850356,12.27975
KOR,qual,UB,China,11.4,Dayeong Lee,-0.9921831589850356,12.27975
KOR,AAfinal,UB,China,12.533,Dayeong Lee,-0.9921831589850356,12.27975
KOR,AAfinal,VT,China,13.0,Dayeong Lee,-0.9921831589850356,12.27975
KOR,qual,VT,China,13.033,Dayeong Lee,-0.9921831589850356,12.27975
KOR,qual,BB,Qatar,11.567,Eunju Lee,1.16403723088935,11.567
USA,AAfinal,BB,United States,14.5,Sunisa Lee,-0.9974040315997436,13.766666666666666
USA,AAfinal,VT,United States,13.5,Sunisa Lee,-0.9974040315997436,13.766666666666666
USA,qual,BB,United States,13.65,Sunisa Lee,-1.1070423565086107,13.766666666666666
USA,final,BB,United States,14.2,Sunisa Lee,-1.1070423565086107,13.766666666666666
USA,qual,VT,United States,13.35,Sunisa Lee,-1.1070423565086107,13.766666666666666
USA,final,VT,United States,13.4,Sunisa Lee,-1.1070423565086107,13.766666666666666
KOR,AAfinal,BB,United Kingdom,12.766,Yunseo Lee,0.42789419221552827,13.165222222222223
KOR,qual,BB,United Kingdom,12.733,Yunseo Lee,0.42789419221552827,13.165222222222223
KOR,AAfinal,FX,United Kingdom,12.6,Yunseo Lee,0.42789419221552827,13.165222222222223
KOR,qual,FX,United Kingdom,13.1,Yunseo Lee,0.42789419221552827,13.165222222222223
KOR,AAfinal,UB,United Kingdom,13.066,Yunseo Lee,0.42789419221552827,13.165222222222223
KOR,qual,UB,United Kingdom,13.2,Yunseo Lee,0.42789419221552827,13.165222222222223
KOR,AAfinal,VT,United Kingdom,12.9,Yunseo Lee,0.42789419221552827,13.165222222222223
KOR,qual,VT,United Kingdom,12.8,Yunseo Lee,0.42789419221552827,13.165222222222223
KOR,final,BB,Qatar,13.067,Yunseo Lee,1.16403723088935,13.165222222222223
KOR,qual,BB,Qatar,13.133,Yunseo Lee,1.16403723088935,13.165222222222223
KOR,final,FX,Qatar,13.267,Yunseo Lee,1.16403723088935,13.165222222222223
KOR,qual,FX,Qatar,13.367,Yunseo Lee,1.16403723088935,13.165222222222223
KOR,final,UB,Qatar,14.433,Yunseo Lee,1.16403723088935,13.165222222222223
KOR,qual,UB,Qatar,14.3,Yunseo Lee,1.16403723088935,13.165222222222223
KOR,qual,BB,Singapore,12.333,Yunseo Lee,-0.7415812734790538,13.165222222222223
KOR,qual,FX,Singapore,13.166,Yunseo Lee,-0.7415812734790538,13.165222222222223
KOR,final,FX,Singapore,12.533,Yunseo Lee,-0.7415812734790538,13.165222222222223
KOR,final,UB,Singapore,14.2,Yunseo Lee,-0.7415812734790538,13.165222222222223
KOR,qual,UB,Singapore,14.066,Yunseo Lee,-0.7415812734790538,13.165222222222223
KOR,AAfinal,BB,Belgium,12.333,Yunseo Lee,-1.3263190063263448,13.165222222222223
KOR,qual,BB,Belgium,12.766,Yunseo Lee,-1.3263190063263448,13.165222222222223
KOR,AAfinal,FX,Belgium,12.9,Yunseo Lee,-1.3263190063263448,13.165222222222223
KOR,qual,FX,Belgium,13.0,Yunseo Lee,-1.3263190063263448,13.165222222222223
KOR,AAfinal,UB,Belgium,13.766,Yunseo Lee,-1.3263190063263448,13.165222222222223
KOR,qual,UB,Belgium,13.633,Yunseo Lee,-1.3263190063263448,13.165222222222223
KOR,AAfinal,VT,Belgium,12.733,Yunseo Lee,-1.3263190063263448,13.165222222222223
KOR,qual,VT,Belgium,13.3,Yunseo Lee,-1.3263190063263448,13.165222222222223
USA,qual,BB,United States,13.05,Myli Lew,-1.1070423565086107,12.85
USA,final,BB,United States,12.25,Myli Lew,-1.1070423565086107,12.85
USA,qual,FX,United States,12.1,Myli Lew,-1.1070423565086107,12.85
USA,final,FX,United States,11.85,Myli Lew,-1.1070423565086107,12.85
USA,qual,UB,United States,13.9,Myli Lew,-1.1070423565086107,12.85
USA,final,UB,United States,12.4,Myli Lew,-1.1070423565086107,12.85
USA,qual,VT,United States,13.15,Myli Lew,-1.1070423565086107,12.85
USA,final,VT,United States,13.2,Myli Lew,-1.1070423565086107,12.85
USA,AAfinal,UB,United States,13.65,Myli Lew,-0.15684354063176276,12.85
USA,AAfinal,VT,United States,12.95,Myli Lew,-0.15684354063176276,12.85
GBR,final,UB,United Kingdom,10.65,Lucy Lewis,1.5973696579101104,11.65
GBR,qual,UB,United Kingdom,12.6,Lucy Lewis,1.5973696579101104,11.65
GBR,qual,BB,United Kingdom,11.9,Lucy Lewis,-0.3030279738435855,11.65
GBR,qual,FX,United Kingdom,11.65,Lucy Lewis,-0.3030279738435855,11.65
GBR,qual,UB,United Kingdom,11.45,Lucy Lewis,-0.3030279738435855,11.65
KOR,qual,BB,China,11.533,Sumin Lim,-1.2793311527939732,12.1398
KOR,AAfinal,BB,China,12.433,Sumin Lim,-1.2793311527939732,12.1398
KOR,final,FX,China,12.8,Sumin Lim,-1.2793311527939732,12.1398
KOR,qual,FX,China,13.033,Sumin Lim,-1.2793311527939732,12.1398
KOR,AAfinal,FX,China,12.933,Sumin Lim,-1.2793311527939732,12.1398
KOR,qual,UB,China,10.2,Sumin Lim,-1.2793311527939732,12.1398
KOR,AAfinal,UB,China,11.1,Sumin Lim,-1.2793311527939732,12.1398
KOR,AAfinal,VT,China,12.7,Sumin Lim,-1.2793311527939732,12.1398
KOR,qual,VT,China,12.666,Sumin Lim,-1.2793311527939732,12.1398
KOR,qual,VT,China,12.0,Sumin Lim,-1.2793311527939732,12.1398
BRA,qual,BB,Croatia,10.8,Ana Luiza Lima,-0.7050351651760981,10.8
BRA,TeamFinal,BB,Colombia,11.467,Andreza Heloisa Lima De Lima,-0.6319429485701867,12.076285714285714
BRA,qual,BB,Colombia,12.133,Andreza Heloisa Lima De Lima,-0.6319429485701867,12.076285714285714
BRA,qual,FX,Colombia,11.967,Andreza Heloisa Lima De Lima,-0.6319429485701867,12.076285714285714
BRA,TeamFinal,UB,Colombia,12.167,Andreza Heloisa Lima De Lima,-0.6319429485701867,12.076285714285714
BRA,qual,UB,Colombia,12.267,Andreza Heloisa Lima De Lima,-0.6319429485701867,12.076285714285714
BRA,TeamFinal,VT,Colombia,12.433,Andreza Heloisa Lima De Lima,-0.6319429485701867,12.076285714285714
BRA,qual,VT,Colombia,12.1,Andreza Heloisa Lima De Lima,-0.6319429485701867,12.076285714285714
USA,AAfinal,BB,United States,12.95,Kaliya Lincoln,-0.9974040315997436,13.230631578947369
USA,AAfinal,FX,United States,14.0,Kaliya Lincoln,-0.9974040315997436,13.230631578947369
USA,AAfinal,VT,United States,14.15,Kaliya Lincoln,-0.9974040315997436,13.230631578947369
USA,qual,BB,United States,13.25,Kaliya Lincoln,-1.1070423565086107,13.230631578947369
USA,final,BB,United States,12.95,Kaliya Lincoln,-1.1070423565086107,13.230631578947369
USA,qual,FX,United States,14.35,Kaliya Lincoln,-1.1070423565086107,13.230631578947369
USA,final,FX,United States,14.05,Kaliya Lincoln,-1.1070423565086107,13.230631578947369
USA,qual,UB,United States,12.3,Kaliya Lincoln,-1.1070423565086107,13.230631578947369
USA,final,UB,United States,9.9,Kaliya Lincoln,-1.1070423565086107,13.230631578947369
USA,qual,VT,United States,14.1,Kaliya Lincoln,-1.1070423565086107,13.230631578947369
USA,final,VT,United States,13.9,Kaliya Lincoln,-1.1070423565086107,13.230631578947369
USA,AAfinal,BB,United States,11.0,Kaliya Lincoln,-0.15684354063176276,13.230631578947369
USA,AAfinal,FX,United States,13.6,Kaliya Lincoln,-0.15684354063176276,13.230631578947369
USA,AAfinal,UB,United States,12.95,Kaliya Lincoln,-0.15684354063176276,13.230631578947369
USA,AAfinal,VT,United States,13.5,Kaliya Lincoln,-0.15684354063176276,13.230631578947369
USA,final,BB,Chile,13.166,Kaliya Lincoln,-1.41507384077638,13.230631578947369
USA,qual,BB,Chile,13.233,Kaliya Lincoln,-1.41507384077638,13.230631578947369
USA,final,FX,Chile,14.233,Kaliya Lincoln,-1.41507384077638,13.230631578947369
USA,qual,FX,Chile,13.8,Kaliya Lincoln,-1.41507384077638,13.230631578947369
GBR,qual,BB,United Kingdom,9.85,Dixie Lindsay,1.5973696579101104,11.15
GBR,qual,FX,United Kingdom,11.65,Dixie Lindsay,1.5973696579101104,11.15
GBR,qual,UB,United Kingdom,10.75,Dixie Lindsay,1.5973696579101104,11.15
GBR,qual,VT,United Kingdom,12.35,Dixie Lindsay,1.5973696579101104,11.15
USA,AAfinal,BB,United States,12.15,Lauren Little,0.9395397084569079,12.607142857142858
USA,AAfinal,FX,United States,11.4,Lauren Little,0.9395397084569079,12.607142857142858
USA,AAfinal,UB,United States,13.2,Lauren Little,0.9395397084569079,12.607142857142858
USA,AAfinal,VT,United States,12.8,Lauren Little,0.9395397084569079,12.607142857142858
USA,AAfinal,BB,United States,12.4,Lauren Little,1.7435540911219332,12.607142857142858
USA,AAfinal,UB,United States,13.45,Lauren Little,1.7435540911219332,12.607142857142858
USA,AAfinal,VT,United States,12.85,Lauren Little,1.7435540911219332,12.607142857142858
GBR,qual,BB,United Kingdom,8.1,Maisie Lloyd Jones,1.5973696579101104,10.6875
GBR,qual,FX,United Kingdom,10.95,Maisie Lloyd Jones,1.5973696579101104,10.6875
GBR,qual,UB,United Kingdom,11.05,Maisie Lloyd Jones,1.5973696579101104,10.6875
GBR,qual,VT,United Kingdom,12.65,Maisie Lloyd Jones,1.5973696579101104,10.6875
GBR,qual,BB,United Kingdom,10.8,Caitlin Lochhead,1.5973696579101104,10.85
GBR,qual,FX,United Kingdom,11.65,Caitlin Lochhead,1.5973696579101104,10.85
GBR,qual,UB,United Kingdom,8.85,Caitlin Lochhead,1.5973696579101104,10.85
GBR,qual,VT,United Kingdom,12.1,Caitlin Lochhead,1.5973696579101104,10.85
USA,AAfinal,BB,United States,12.45,Eveylynn Lowe,-0.9974040315997436,12.825
USA,AAfinal,FX,United States,12.55,Eveylynn Lowe,-0.9974040315997436,12.825
USA,AAfinal,UB,United States,12.75,Eveylynn Lowe,-0.9974040315997436,12.825
USA,AAfinal,VT,United States,13.6,Eveylynn Lowe,-0.9974040315997436,12.825
USA,qual,BB,United States,12.35,Eveylynn Lowe,-1.1070423565086107,12.825
USA,final,BB,United States,12.8,Eveylynn Lowe,-1.1070423565086107,12.825
USA,qual,FX,United States,12.7,Eveylynn Lowe,-1.1070423565086107,12.825
USA,final,FX,United States,13.05,Eveylynn Lowe,-1.1070423565086107,12.825
USA,qual,UB,United States,12.9,Eveylynn Lowe,-1.1070423565086107,12.825
USA,final,UB,United States,13.15,Eveylynn Lowe,-1.1070423565086107,12.825
USA,qual,VT,United States,13.75,Eveylynn Lowe,-1.1070423565086107,12.825
USA,final,VT,United States,13.8,Eveylynn Lowe,-1.1070423565086107,12.825
USA,AAfinal,BB,United States,11.95,Eveylynn Lowe,-0.15684354063176276,12.825
USA,AAfinal,FX,United States,12.9,Eveylynn Lowe,-0.15684354063176276,12.825
USA,AAfinal,UB,United States,11.4,Eveylynn Lowe,-0.15684354063176276,12.825
USA,AAfinal,VT,United States,13.1,Eveylynn Lowe,-0.15684354063176276,12.825
CHN,final,BB,China,13.966,Huan Luo,-0.9921831589850356,13.449699999999998
CHN,qual,BB,China,13.7,Huan Luo,-0.9921831589850356,13.449699999999998
CHN,AAfinal,BB,China,14.033,Huan Luo,-0.9921831589850356,13.449699999999998
CHN,qual,FX,China,12.666,Huan Luo,-0.9921831589850356,13.449699999999998
CHN,AAfinal,FX,China,12.866,Huan Luo,-0.9921831589850356,13.449699999999998
CHN,final,UB,China,13.0,Huan Luo,-0.9921831589850356,13.449699999999998
CHN,qual,UB,China,14.2,Huan Luo,-0.9921831589850356,13.449699999999998
CHN,AAfinal,UB,China,13.933,Huan Luo,-0.9921831589850356,13.449699999999998
CHN,AAfinal,VT,China,12.933,Huan Luo,-0.9921831589850356,13.449699999999998
CHN,qual,VT,China,13.2,Huan Luo,-0.9921831589850356,13.449699999999998
CHN,qual,BB,United Kingdom,10.766,Rui Luo,0.42789419221552827,13.253200000000001
CHN,TeamFinal,BB,United Kingdom,12.4,Rui Luo,0.42789419221552827,13.253200000000001
CHN,final,UB,United Kingdom,13.8,Rui Luo,0.42789419221552827,13.253200000000001
CHN,qual,UB,United Kingdom,14.9,Rui Luo,0.42789419221552827,13.253200000000001
CHN,TeamFinal,UB,United Kingdom,14.4,Rui Luo,0.42789419221552827,13.253200000000001
ITA,AAfinal,BB,United Kingdom,13.033,Martina Maggio,0.42789419221552827,13.423291666666666
ITA,qual,BB,United Kingdom,12.9,Martina Maggio,0.42789419221552827,13.423291666666666
ITA,TeamFinal,BB,United Kingdom,12.9,Martina Maggio,0.42789419221552827,13.423291666666666
ITA,AAfinal,FX,United Kingdom,13.866,Martina Maggio,0.42789419221552827,13.423291666666666
ITA,final,FX,United Kingdom,13.533,Martina Maggio,0.42789419221552827,13.423291666666666
ITA,qual,FX,United Kingdom,13.5,Martina Maggio,0.42789419221552827,13.423291666666666
ITA,TeamFinal,FX,United Kingdom,13.966,Martina Maggio,0.42789419221552827,13.423291666666666
ITA,AAfinal,UB,United Kingdom,12.8,Martina Maggio,0.42789419221552827,13.423291666666666
ITA,qual,UB,United Kingdom,14.2,Martina Maggio,0.42789419221552827,13.423291666666666
ITA,TeamFinal,UB,United Kingdom,11.7,Martina Maggio,0.42789419221552827,13.423291666666666
ITA,AAfinal,VT,United Kingdom,14.033,Martina Maggio,0.42789419221552827,13.423291666666666
ITA,TeamFinal,VT,United Kingdom,13.866,Martina Maggio,0.42789419221552827,13.423291666666666
ITA,qual,VT,United Kingdom,14.2,Martina Maggio,0.42789419221552827,13.423291666666666
ITA,final,BB,Germany,13.233,Martina Maggio,0.8664474918509966,13.423291666666666
ITA,qual,BB,Germany,13.4,Martina Maggio,0.8664474918509966,13.423291666666666
ITA,TeamFinal,BB,Germany,13.066,Martina Maggio,0.8664474918509966,13.423291666666666
ITA,final,FX,Germany,13.933,Martina Maggio,0.8664474918509966,13.423291666666666
ITA,qual,FX,Germany,13.833,Martina Maggio,0.8664474918509966,13.423291666666666
ITA,TeamFinal,FX,Germany,13.733,Martina Maggio,0.8664474918509966,13.423291666666666
ITA,qual,UB,Germany,13.066,Martina Maggio,0.8664474918509966,13.423291666666666
ITA,qual,VT,Germany,13.666,Martina Maggio,0.8664474918509966,13.423291666666666
ITA,TeamFinal,VT,Germany,13.633,Martina Maggio,0.8664474918509966,13.423291666666666
ITA,final,BB,Germany,13.066,Martina Maggio,-0.15684354063176276,13.423291666666666
ITA,qual,BB,Germany,13.033,Martina Maggio,-0.15684354063176276,13.423291666666666
BRA,qual,BB,Germany,11.7,Luisa Gomes Maia,-0.2664818655406298,12.174999999999999
BRA,qual,FX,Germany,12.35,Luisa Gomes Maia,-0.2664818655406298,12.174999999999999
BRA,qual,VT,Germany,13.0,Luisa Gomes Maia,-0.2664818655406298,12.174999999999999
ITA,qual,FX,United Kingdom,12.933,Veronica Mandriota,0.42789419221552827,13.3165
ITA,qual,VT,United Kingdom,13.7,Veronica Mandriota,0.42789419221552827,13.3165
ROU,qual,BB,Belgium,13.666,Sabrina Maneca Voinea,-1.3263190063263448,12.885333333333332
ROU,final,FX,Belgium,13.766,Sabrina Maneca Voinea,-1.3263190063263448,12.885333333333332
ROU,qual,FX,Belgium,13.666,Sabrina Maneca Voinea,-1.3263190063263448,12.885333333333332
ROU,final,BB,Qatar,13.766,Sabrina Maneca Voinea,-0.18816877632001047,12.885333333333332
ROU,qual,BB,Qatar,12.966,Sabrina Maneca Voinea,-0.18816877632001047,12.885333333333332
ROU,final,FX,Qatar,13.6,Sabrina Maneca Voinea,-0.18816877632001047,12.885333333333332
ROU,qual,FX,Qatar,13.266,Sabrina Maneca Voinea,-0.18816877632001047,12.885333333333332
ROU,qual,UB,Qatar,10.933,Sabrina Maneca Voinea,-0.18816877632001047,12.885333333333332
ROU,final,VT,Qatar,13.733,Sabrina Maneca Voinea,-0.18816877632001047,12.885333333333332
ROU,qual,VT,Qatar,13.766,Sabrina Maneca Voinea,-0.18816877632001047,12.885333333333332
ROU,final,VT,Qatar,11.2,Sabrina Maneca Voinea,-0.18816877632001047,12.885333333333332
ROU,qual,VT,Qatar,12.266,Sabrina Maneca Voinea,-0.18816877632001047,12.885333333333332
ROU,qual,BB,Turkey,10.3,Sabrina Maneca Voinea,-0.4126662987524526,12.885333333333332
ROU,final,FX,Turkey,13.566,Sabrina Maneca Voinea,-0.4126662987524526,12.885333333333332
ROU,qual,FX,Turkey,13.7,Sabrina Maneca Voinea,-0.4126662987524526,12.885333333333332
ROU,qual,UB,Turkey,10.633,Sabrina Maneca Voinea,-0.4126662987524526,12.885333333333332
ROU,qual,VT,Turkey,13.6,Sabrina Maneca Voinea,-0.4126662987524526,12.885333333333332
ROU,final,VT,Turkey,13.8,Sabrina Maneca Voinea,-0.4126662987524526,12.885333333333332
ROU,qual,VT,Turkey,13.6,Sabrina Maneca Voinea,-0.4126662987524526,12.885333333333332
ROU,final,VT,Turkey,12.366,Sabrina Maneca Voinea,-0.4126662987524526,12.885333333333332
ROU,qual,VT,Turkey,12.433,Sabrina Maneca Voinea,-0.4126662987524526,12.885333333333332
GBR,qual,BB,United Kingdom,8.65,Violet Manser,1.5973696579101104,9.783333333333333
GBR,qual,FX,United Kingdom,10.1,Violet Manser,1.5973696579101104,9.783333333333333
GBR,qual,VT,United Kingdom,10.6,Violet Manser,1.5973696579101104,9.783333333333333
GBR,AAfinal,BB,United Kingdom,12.2,Jea Maracha,0.929097963227492,12.107333333333333
GBR,final,BB,United Kingdom,12.666,Jea Maracha,0.929097963227492,12.107333333333333
GBR,qual,BB,United Kingdom,12.55,Jea Maracha,0.929097963227492,12.107333333333333
GBR,AAfinal,FX,United Kingdom,11.85,Jea Maracha,0.929097963227492,12.107333333333333
GBR,qual,FX,United Kingdom,10.95,Jea Maracha,0.929097963227492,12.107333333333333
GBR,AAfinal,UB,United Kingdom,12.4,Jea Maracha,0.929097963227492,12.107333333333333
GBR,qual,UB,United Kingdom,11.75,Jea Maracha,0.929097963227492,12.107333333333333
GBR,AAfinal,VT,United Kingdom,11.65,Jea Maracha,0.929097963227492,12.107333333333333
GBR,qual,VT,United Kingdom,12.95,Jea Maracha,0.929097963227492,12.107333333333333
GBR,final,BB,United Kingdom,12.6,Jea Brittany Maracha,1.5973696579101104,11.933333333333334
GBR,qual,BB,United Kingdom,12.2,Jea Brittany Maracha,1.5973696579101104,11.933333333333334
GBR,qual,FX,United Kingdom,12.25,Jea Brittany Maracha,1.5973696579101104,11.933333333333334
GBR,qual,UB,United Kingdom,12.05,Jea Brittany Maracha,1.5973696579101104,11.933333333333334
GBR,qual,VT,United Kingdom,12.35,Jea Brittany Maracha,1.5973696579101104,11.933333333333334
GBR,qual,BB,United Kingdom,11.2,Jea Brittany Maracha,-0.3030279738435855,11.933333333333334
GBR,qual,FX,United Kingdom,10.85,Jea Brittany Maracha,-0.3030279738435855,11.933333333333334
GBR,qual,UB,United Kingdom,11.05,Jea Brittany Maracha,-0.3030279738435855,11.933333333333334
GBR,qual,VT,United Kingdom,12.85,Jea Brittany Maracha,-0.3030279738435855,11.933333333333334
CAN,qual,BB,Egypt,9.133,Sophie Marois,1.6339157662130661,11.4805
CAN,final,BB,Slovenia,11.25,Sophie Marois,1.158816358274642,11.4805
CAN,qual,BB,Slovenia,11.65,Sophie Marois,1.158816358274642,11.4805
CAN,qual,UB,Slovenia,12.1,Sophie Marois,1.158816358274642,11.4805
CAN,qual,VT,Slovenia,12.75,Sophie Marois,1.158816358274642,11.4805
CAN,qual,VT,Slovenia,12.0,Sophie Marois,1.158816358274642,11.4805
GBR,qual,BB,United Kingdom,11.5,Madeleine Marshall,1.5973696579101104,11.4875
GBR,qual,FX,United Kingdom,11.45,Madeleine Marshall,1.5973696579101104,11.4875
GBR,qual,UB,United Kingdom,10.6,Madeleine Marshall,1.5973696579101104,11.4875
GBR,qual,VT,United Kingdom,12.4,Madeleine Marshall,1.5973696579101104,11.4875
JPN,final,BB,China,12.366,Misaki Masui,-1.2793311527939732,12.571142857142856
JPN,qual,BB,China,13.266,Misaki Masui,-1.2793311527939732,12.571142857142856
JPN,final,FX,China,12.633,Misaki Masui,-1.2793311527939732,12.571142857142856
JPN,qual,FX,China,12.7,Misaki Masui,-1.2793311527939732,12.571142857142856
JPN,qual,UB,China,12.1,Misaki Masui,-1.2793311527939732,12.571142857142856
JPN,qual,VT,China,13.133,Misaki Masui,-1.2793311527939732,12.571142857142856
JPN,qual,VT,China,11.8,Misaki Masui,-1.2793311527939732,12.571142857142856
JPN,qual,FX,Qatar,9.9,Touwa Matsuda,1.16403723088935,10.9
JPN,qual,UB,Qatar,11.9,Touwa Matsuda,1.16403723088935,10.9
USA,qual,BB,United States,11.95,Nola Rhianne Matthews,0.8351222561627488,13.09247619047619
USA,final,BB,United States,12.5,Nola Rhianne Matthews,0.8351222561627488,13.09247619047619
USA,qual,FX,United States,12.35,Nola Rhianne Matthews,0.8351222561627488,13.09247619047619
USA,final,FX,United States,12.2,Nola Rhianne Matthews,0.8351222561627488,13.09247619047619
USA,qual,UB,United States,13.75,Nola Rhianne Matthews,0.8351222561627488,13.09247619047619
USA,final,UB,United States,14.05,Nola Rhianne Matthews,0.8351222561627488,13.09247619047619
USA,qual,VT,United States,13.1,Nola Rhianne Matthews,0.8351222561627488,13.09247619047619
USA,final,VT,United States,12.95,Nola Rhianne Matthews,0.8351222561627488,13.09247619047619
USA,AAfinal,BB,United States,12.5,Nola Rhianne Matthews,0.9395397084569079,13.09247619047619
USA,AAfinal,FX,United States,11.7,Nola Rhianne Matthews,0.9395397084569079,13.09247619047619
USA,AAfinal,UB,United States,13.9,Nola Rhianne Matthews,0.9395397084569079,13.09247619047619
USA,AAfinal,VT,United States,13.0,Nola Rhianne Matthews,0.9395397084569079,13.09247619047619
USA,AAfinal,BB,United States,13.05,Nola Rhianne Matthews,1.7435540911219332,13.09247619047619
USA,AAfinal,FX,United States,12.8,Nola Rhianne Matthews,1.7435540911219332,13.09247619047619
USA,AAfinal,UB,United States,13.95,Nola Rhianne Matthews,1.7435540911219332,13.09247619047619
USA,AAfinal,VT,United States,12.85,Nola Rhianne Matthews,1.7435540911219332,13.09247619047619
USA,AAfinal,BB,United States,13.3,Nola Rhianne Matthews,-0.9974040315997436,13.09247619047619
USA,AAfinal,FX,United States,13.3,Nola Rhianne Matthews,-0.9974040315997436,13.09247619047619
USA,AAfinal,UB,United States,13.9,Nola Rhianne Matthews,-0.9974040315997436,13.09247619047619
USA,AAfinal,VT,United States,13.05,Nola Rhianne Matthews,-0.9974040315997436,13.09247619047619
USA,qual,BB,United States,13.0,Nola Rhianne Matthews,-1.1070423565086107,13.09247619047619
USA,final,BB,United States,12.45,Nola Rhianne Matthews,-1.1070423565086107,13.09247619047619
USA,qual,FX,United States,13.4,Nola Rhianne Matthews,-1.1070423565086107,13.09247619047619
USA,final,FX,United States,13.2,Nola Rhianne Matthews,-1.1070423565086107,13.09247619047619
USA,qual,UB,United States,12.4,Nola Rhianne Matthews,-1.1070423565086107,13.09247619047619
USA,final,UB,United States,14.05,Nola Rhianne Matthews,-1.1070423565086107,13.09247619047619
USA,qual,VT,United States,13.15,Nola Rhianne Matthews,-1.1070423565086107,13.09247619047619
USA,final,VT,United States,13.2,Nola Rhianne Matthews,-1.1070423565086107,13.09247619047619
USA,AAfinal,BB,United States,12.7,Nola Rhianne Matthews,-0.15684354063176276,13.09247619047619
USA,AAfinal,FX,United States,13.2,Nola Rhianne Matthews,-0.15684354063176276,13.09247619047619
USA,AAfinal,UB,United States,13.45,Nola Rhianne Matthews,-0.15684354063176276,13.09247619047619
USA,AAfinal,VT,United States,13.25,Nola Rhianne Matthews,-0.15684354063176276,13.09247619047619
USA,qual,BB,Germany,13.2,Nola Rhianne Matthews,-0.2664818655406298,13.09247619047619
USA,qual,FX,Germany,12.9,Nola Rhianne Matthews,-0.2664818655406298,13.09247619047619
USA,qual,UB,Germany,13.65,Nola Rhianne Matthews,-0.2664818655406298,13.09247619047619
USA,qual,VT,Germany,13.1,Nola Rhianne Matthews,-0.2664818655406298,13.09247619047619
USA,qual,BB,Colombia,12.7,Nola Rhianne Matthews,-0.6319429485701867,13.09247619047619
USA,TeamFinal,FX,Colombia,13.1,Nola Rhianne Matthews,-0.6319429485701867,13.09247619047619
USA,qual,FX,Colombia,12.667,Nola Rhianne Matthews,-0.6319429485701867,13.09247619047619
USA,TeamFinal,UB,Colombia,14.067,Nola Rhianne Matthews,-0.6319429485701867,13.09247619047619
USA,qual,UB,Colombia,14.0,Nola Rhianne Matthews,-0.6319429485701867,13.09247619047619
USA,qual,VT,Colombia,12.9,Nola Rhianne Matthews,-0.6319429485701867,13.09247619047619
USA,qual,BB,United States,14.8,Konnor Mcclain,0.8351222561627488,13.920833333333334
USA,final,BB,United States,14.1,Konnor Mcclain,0.8351222561627488,13.920833333333334
USA,qual,FX,United States,13.9,Konnor Mcclain,0.8351222561627488,13.920833333333334
USA,final,FX,United States,13.85,Konnor Mcclain,0.8351222561627488,13.920833333333334
USA,qual,UB,United States,13.3,Konnor Mcclain,0.8351222561627488,13.920833333333334
USA,final,UB,United States,14.05,Konnor Mcclain,0.8351222561627488,13.920833333333334
USA,qual,VT,United States,14.4,Konnor Mcclain,0.8351222561627488,13.920833333333334
USA,final,VT,United States,14.35,Konnor Mcclain,0.8351222561627488,13.920833333333334
USA,AAfinal,BB,United States,14.6,Konnor Mcclain,1.7435540911219332,13.920833333333334
USA,AAfinal,FX,United States,13.15,Konnor Mcclain,1.7435540911219332,13.920833333333334
USA,AAfinal,UB,United States,12.45,Konnor Mcclain,1.7435540911219332,13.920833333333334
USA,AAfinal,VT,United States,14.1,Konnor Mcclain,1.7435540911219332,13.920833333333334
AUS,qual,BB,United Kingdom,10.733,Kate Mcdonald,0.42789419221552827,12.655333333333333
AUS,qual,UB,United Kingdom,14.066,Kate Mcdonald,0.42789419221552827,12.655333333333333
AUS,qual,BB,Belgium,12.066,Kate Mcdonald,-1.3263190063263448,12.655333333333333
AUS,qual,UB,Belgium,13.9,Kate Mcdonald,-1.3263190063263448,12.655333333333333
AUS,final,BB,United Kingdom,13.466,Kate Mcdonald,0.929097963227492,12.655333333333333
AUS,qual,BB,United Kingdom,12.95,Kate Mcdonald,0.929097963227492,12.655333333333333
AUS,final,UB,United Kingdom,12.533,Kate Mcdonald,0.929097963227492,12.655333333333333
AUS,qual,UB,United Kingdom,13.5,Kate Mcdonald,0.929097963227492,12.655333333333333
AUS,qual,BB,Germany,11.7,Kate Mcdonald,-0.2664818655406298,12.655333333333333
AUS,qual,FX,Germany,11.85,Kate Mcdonald,-0.2664818655406298,12.655333333333333
AUS,final,UB,Germany,11.1,Kate Mcdonald,-0.2664818655406298,12.655333333333333
AUS,qual,UB,Germany,14.0,Kate Mcdonald,-0.2664818655406298,12.655333333333333
GBR,qual,BB,United Kingdom,8.8,Abby Meadow,1.5973696579101104,9.05
GBR,qual,FX,United Kingdom,10.65,Abby Meadow,1.5973696579101104,9.05
GBR,qual,UB,United Kingdom,4.95,Abby Meadow,1.5973696579101104,9.05
GBR,qual,VT,United Kingdom,11.8,Abby Meadow,1.5973696579101104,9.05
BRA,TeamFinal,BB,Colombia,12.233,Carolyne Mercer Winche Pedro,-0.6319429485701867,12.324875
BRA,qual,BB,Colombia,12.467,Carolyne Mercer Winche Pedro,-0.6319429485701867,12.324875
BRA,TeamFinal,FX,Colombia,12.367,Carolyne Mercer Winche Pedro,-0.6319429485701867,12.324875
BRA,qual,FX,Colombia,12.467,Carolyne Mercer Winche Pedro,-0.6319429485701867,12.324875
BRA,TeamFinal,UB,Colombia,11.5,Carolyne Mercer Winche Pedro,-0.6319429485701867,12.324875
BRA,qual,UB,Colombia,13.033,Carolyne Mercer Winche Pedro,-0.6319429485701867,12.324875
BRA,TeamFinal,VT,Colombia,12.767,Carolyne Mercer Winche Pedro,-0.6319429485701867,12.324875
BRA,qual,VT,Colombia,12.6,Carolyne Mercer Winche Pedro,-0.6319429485701867,12.324875
NED,qual,BB,Croatia,12.2,Casey-Jane Meuleman,-0.7050351651760981,12.29125
NED,qual,FX,Croatia,12.166,Casey-Jane Meuleman,-0.7050351651760981,12.29125
NED,qual,VT,Croatia,12.566,Casey-Jane Meuleman,-0.7050351651760981,12.29125
NED,qual,VT,Croatia,12.233,Casey-Jane Meuleman,-0.7050351651760981,12.29125
GBR,qual,BB,United Kingdom,11.5,Sofia Micallef,1.5973696579101104,12.30625
GBR,final,VT,United Kingdom,13.55,Sofia Micallef,1.5973696579101104,12.30625
GBR,qual,VT,United Kingdom,13.3,Sofia Micallef,1.5973696579101104,12.30625
GBR,final,VT,United Kingdom,12.3,Sofia Micallef,1.5973696579101104,12.30625
GBR,qual,VT,United Kingdom,12.5,Sofia Micallef,1.5973696579101104,12.30625
GBR,qual,BB,United Kingdom,11.3,Sofia Micallef,-0.3030279738435855,12.30625
GBR,final,FX,United Kingdom,12.0,Sofia Micallef,-0.3030279738435855,12.30625
GBR,qual,FX,United Kingdom,12.35,Sofia Micallef,-0.3030279738435855,12.30625
GBR,final,UB,United Kingdom,11.9,Sofia Micallef,-0.3030279738435855,12.30625
GBR,qual,UB,United Kingdom,12.4,Sofia Micallef,-0.3030279738435855,12.30625
GBR,qual,VT,United Kingdom,13.05,Sofia Micallef,-0.3030279738435855,12.30625
GBR,qual,VT,United Kingdom,12.3,Sofia Micallef,-0.3030279738435855,12.30625
GBR,final,BB,United Kingdom,12.5,Sofia Micallef,0.929097963227492,12.30625
GBR,qual,BB,United Kingdom,12.45,Sofia Micallef,0.929097963227492,12.30625
GBR,qual,FX,United Kingdom,11.8,Sofia Micallef,0.929097963227492,12.30625
GBR,qual,UB,United Kingdom,11.7,Sofia Micallef,0.929097963227492,12.30625
FRA,qual,BB,Turkey,11.4,Silane Mielle,-0.4126662987524526,12.381222222222222
FRA,qual,FX,Turkey,12.433,Silane Mielle,-0.4126662987524526,12.381222222222222
FRA,qual,UB,Turkey,12.766,Silane Mielle,-0.4126662987524526,12.381222222222222
FRA,qual,BB,Bulgaria,11.966,Silane Mielle,-0.6319429485701867,12.381222222222222
FRA,final,FX,Bulgaria,12.933,Silane Mielle,-0.6319429485701867,12.381222222222222
FRA,qual,FX,Bulgaria,13.133,Silane Mielle,-0.6319429485701867,12.381222222222222
FRA,qual,BB,Germany,12.1,Silane Mielle,-0.2664818655406298,12.381222222222222
FRA,qual,FX,Germany,12.9,Silane Mielle,-0.2664818655406298,12.381222222222222
FRA,qual,UB,Germany,11.8,Silane Mielle,-0.2664818655406298,12.381222222222222
USA,AAfinal,BB,United States,10.95,Zoe Miller,1.7435540911219332,13.106111111111112
USA,AAfinal,FX,United States,12.65,Zoe Miller,1.7435540911219332,13.106111111111112
USA,AAfinal,UB,United States,13.1,Zoe Miller,1.7435540911219332,13.106111111111112
USA,AAfinal,VT,United States,13.65,Zoe Miller,1.7435540911219332,13.106111111111112
USA,AAfinal,BB,United States,12.45,Zoe Miller,-0.9974040315997436,13.106111111111112
USA,AAfinal,FX,United States,12.15,Zoe Miller,-0.9974040315997436,13.106111111111112
USA,AAfinal,UB,United States,14.75,Zoe Miller,-0.9974040315997436,13.106111111111112
USA,AAfinal,VT,United States,13.65,Zoe Miller,-0.9974040315997436,13.106111111111112
USA,qual,BB,United States,13.05,Zoe Miller,-1.1070423565086107,13.106111111111112
USA,final,BB,United States,12.25,Zoe Miller,-1.1070423565086107,13.106111111111112
USA,qual,FX,United States,11.8,Zoe Miller,-1.1070423565086107,13.106111111111112
USA,final,FX,United States,12.4,Zoe Miller,-1.1070423565086107,13.106111111111112
USA,qual,UB,United States,11.0,Zoe Miller,-1.1070423565086107,13.106111111111112
USA,final,UB,United States,14.4,Zoe Miller,-1.1070423565086107,13.106111111111112
USA,qual,VT,United States,13.15,Zoe Miller,-1.1070423565086107,13.106111111111112
USA,final,VT,United States,13.4,Zoe Miller,-1.1070423565086107,13.106111111111112
USA,AAfinal,BB,United States,12.55,Zoe Miller,-0.15684354063176276,13.106111111111112
USA,AAfinal,FX,United States,12.4,Zoe Miller,-0.15684354063176276,13.106111111111112
USA,AAfinal,UB,United States,13.9,Zoe Miller,-0.15684354063176276,13.106111111111112
USA,AAfinal,VT,United States,13.65,Zoe Miller,-0.15684354063176276,13.106111111111112
USA,qual,BB,Germany,12.9,Zoe Miller,-0.2664818655406298,13.106111111111112
USA,qual,FX,Germany,10.85,Zoe Miller,-0.2664818655406298,13.106111111111112
USA,final,UB,Germany,14.633,Zoe Miller,-0.2664818655406298,13.106111111111112
USA,qual,UB,Germany,14.85,Zoe Miller,-0.2664818655406298,13.106111111111112
USA,qual,VT,Germany,13.9,Zoe Miller,-0.2664818655406298,13.106111111111112
USA,final,UB,Chile,14.666,Zoe Miller,-1.41507384077638,13.106111111111112
USA,qual,UB,Chile,14.766,Zoe Miller,-1.41507384077638,13.106111111111112
USA,AAfinal,BB,United States,11.0,Annalisa Milton,-0.9974040315997436,11.7125
USA,AAfinal,FX,United States,11.1,Annalisa Milton,-0.9974040315997436,11.7125
USA,AAfinal,UB,United States,11.95,Annalisa Milton,-0.9974040315997436,11.7125
USA,AAfinal,VT,United States,13.6,Annalisa Milton,-0.9974040315997436,11.7125
USA,AAfinal,BB,United States,12.2,Annalisa Milton,-0.15684354063176276,11.7125
USA,AAfinal,FX,United States,11.45,Annalisa Milton,-0.15684354063176276,11.7125
USA,AAfinal,UB,United States,9.4,Annalisa Milton,-0.15684354063176276,11.7125
USA,AAfinal,VT,United States,13.0,Annalisa Milton,-0.15684354063176276,11.7125
USA,AAfinal,BB,United States,9.15,Malea Milton,-0.9974040315997436,11.6375
USA,AAfinal,FX,United States,11.95,Malea Milton,-0.9974040315997436,11.6375
USA,AAfinal,UB,United States,12.6,Malea Milton,-0.9974040315997436,11.6375
USA,AAfinal,VT,United States,13.3,Malea Milton,-0.9974040315997436,11.6375
USA,AAfinal,BB,United States,11.25,Malea Milton,-0.15684354063176276,11.6375
USA,AAfinal,FX,United States,10.45,Malea Milton,-0.15684354063176276,11.6375
USA,AAfinal,UB,United States,11.4,Malea Milton,-0.15684354063176276,11.6375
USA,AAfinal,VT,United States,13.0,Malea Milton,-0.15684354063176276,11.6375
JPN,AAfinal,BB,United Kingdom,12.966,Shoko Miyata,0.42789419221552827,13.486078431372547
JPN,final,BB,United Kingdom,13.533,Shoko Miyata,0.42789419221552827,13.486078431372547
JPN,qual,BB,United Kingdom,13.7,Shoko Miyata,0.42789419221552827,13.486078431372547
JPN,TeamFinal,BB,United Kingdom,13.233,Shoko Miyata,0.42789419221552827,13.486078431372547
JPN,AAfinal,FX,United Kingdom,13.733,Shoko Miyata,0.42789419221552827,13.486078431372547
JPN,final,FX,United Kingdom,13.066,Shoko Miyata,0.42789419221552827,13.486078431372547
JPN,qual,FX,United Kingdom,13.6,Shoko Miyata,0.42789419221552827,13.486078431372547
JPN,TeamFinal,FX,United Kingdom,13.7,Shoko Miyata,0.42789419221552827,13.486078431372547
JPN,AAfinal,UB,United Kingdom,12.866,Shoko Miyata,0.42789419221552827,13.486078431372547
JPN,qual,UB,United Kingdom,12.566,Shoko Miyata,0.42789419221552827,13.486078431372547
JPN,AAfinal,VT,United Kingdom,14.233,Shoko Miyata,0.42789419221552827,13.486078431372547
JPN,TeamFinal,VT,United Kingdom,14.4,Shoko Miyata,0.42789419221552827,13.486078431372547
JPN,final,VT,United Kingdom,14.066,Shoko Miyata,0.42789419221552827,13.486078431372547
JPN,qual,VT,United Kingdom,14.3,Shoko Miyata,0.42789419221552827,13.486078431372547
JPN,qual,VT,United Kingdom,14.3,Shoko Miyata,0.42789419221552827,13.486078431372547
JPN,final,VT,United Kingdom,13.933,Shoko Miyata,0.42789419221552827,13.486078431372547
JPN,qual,VT,United Kingdom,13.033,Shoko Miyata,0.42789419221552827,13.486078431372547
JPN,final,BB,Qatar,12.567,Shoko Miyata,1.16403723088935,13.486078431372547
JPN,qual,BB,Qatar,12.9,Shoko Miyata,1.16403723088935,13.486078431372547
JPN,qual,FX,Qatar,13.633,Shoko Miyata,1.16403723088935,13.486078431372547
JPN,final,FX,Qatar,13.633,Shoko Miyata,1.16403723088935,13.486078431372547
JPN,qual,UB,Qatar,12.6,Shoko Miyata,1.16403723088935,13.486078431372547
JPN,final,VT,Qatar,14.267,Shoko Miyata,1.16403723088935,13.486078431372547
JPN,qual,VT,Qatar,13.9,Shoko Miyata,1.16403723088935,13.486078431372547
JPN,final,VT,Qatar,13.5,Shoko Miyata,1.16403723088935,13.486078431372547
JPN,qual,VT,Qatar,13.267,Shoko Miyata,1.16403723088935,13.486078431372547
JPN,qual,BB,Belgium,11.9,Shoko Miyata,-1.3263190063263448,13.486078431372547
JPN,TeamFinal,BB,Belgium,13.566,Shoko Miyata,-1.3263190063263448,13.486078431372547
JPN,qual,FX,Belgium,12.366,Shoko Miyata,-1.3263190063263448,13.486078431372547
JPN,TeamFinal,FX,Belgium,12.133,Shoko Miyata,-1.3263190063263448,13.486078431372547
JPN,qual,UB,Belgium,13.366,Shoko Miyata,-1.3263190063263448,13.486078431372547
JPN,TeamFinal,UB,Belgium,13.2,Shoko Miyata,-1.3263190063263448,13.486078431372547
JPN,TeamFinal,VT,Belgium,13.8,Shoko Miyata,-1.3263190063263448,13.486078431372547
JPN,final,VT,Belgium,14.066,Shoko Miyata,-1.3263190063263448,13.486078431372547
JPN,qual,VT,Belgium,14.1,Shoko Miyata,-1.3263190063263448,13.486078431372547
JPN,qual,VT,Belgium,14.1,Shoko Miyata,-1.3263190063263448,13.486078431372547
JPN,final,VT,Belgium,13.733,Shoko Miyata,-1.3263190063263448,13.486078431372547
JPN,qual,VT,Belgium,13.7,Shoko Miyata,-1.3263190063263448,13.486078431372547
JPN,final,BB,China,13.3,Shoko Miyata,-0.9921831589850356,13.486078431372547
JPN,qual,BB,China,13.8,Shoko Miyata,-0.9921831589850356,13.486078431372547
JPN,AAfinal,BB,China,13.766,Shoko Miyata,-0.9921831589850356,13.486078431372547
JPN,final,FX,China,13.332999999999998,Shoko Miyata,-0.9921831589850356,13.486078431372547
JPN,qual,FX,China,13.5,Shoko Miyata,-0.9921831589850356,13.486078431372547
JPN,qual,UB,China,13.3,Shoko Miyata,-0.9921831589850356,13.486078431372547
JPN,AAfinal,UB,China,12.033,Shoko Miyata,-0.9921831589850356,13.486078431372547
JPN,AAfinal,VT,China,13.9,Shoko Miyata,-0.9921831589850356,13.486078431372547
JPN,final,VT,China,13.9,Shoko Miyata,-0.9921831589850356,13.486078431372547
JPN,qual,VT,China,14.0,Shoko Miyata,-0.9921831589850356,13.486078431372547
JPN,qual,VT,China,14.0,Shoko Miyata,-0.9921831589850356,13.486078431372547
JPN,final,VT,China,13.7,Shoko Miyata,-0.9921831589850356,13.486078431372547
JPN,qual,VT,China,13.733,Shoko Miyata,-0.9921831589850356,13.486078431372547
USA,AAfinal,BB,United States,11.6,Avery Moll,-0.9974040315997436,12.3
USA,AAfinal,FX,United States,12.45,Avery Moll,-0.9974040315997436,12.3
USA,AAfinal,UB,United States,12.25,Avery Moll,-0.9974040315997436,12.3
USA,AAfinal,VT,United States,12.9,Avery Moll,-0.9974040315997436,12.3
GBR,qual,BB,United Kingdom,9.9,Mercedes Mary Moore,1.5973696579101104,12.014285714285714
GBR,qual,FX,United Kingdom,11.95,Mercedes Mary Moore,1.5973696579101104,12.014285714285714
GBR,qual,UB,United Kingdom,11.8,Mercedes Mary Moore,1.5973696579101104,12.014285714285714
GBR,final,VT,United Kingdom,12.85,Mercedes Mary Moore,1.5973696579101104,12.014285714285714
GBR,qual,VT,United Kingdom,13.15,Mercedes Mary Moore,1.5973696579101104,12.014285714285714
GBR,final,VT,United Kingdom,12.05,Mercedes Mary Moore,1.5973696579101104,12.014285714285714
GBR,qual,VT,United Kingdom,12.4,Mercedes Mary Moore,1.5973696579101104,12.014285714285714
USA,AAfinal,BB,United States,12.7,Kaylen Morgan,1.7435540911219332,12.7
GBR,final,BB,United Kingdom,12.55,Mali Morgan,1.5973696579101104,12.3625
GBR,qual,BB,United Kingdom,12.9,Mali Morgan,1.5973696579101104,12.3625
GBR,qual,FX,United Kingdom,11.0,Mali Morgan,1.5973696579101104,12.3625
GBR,qual,UB,United Kingdom,11.7,Mali Morgan,1.5973696579101104,12.3625
GBR,qual,VT,United Kingdom,13.1,Mali Morgan,1.5973696579101104,12.3625
GBR,qual,VT,United Kingdom,11.6,Mali Morgan,1.5973696579101104,12.3625
GBR,qual,BB,United Kingdom,11.95,Mali Morgan,-0.3030279738435855,12.3625
GBR,final,FX,United Kingdom,12.25,Mali Morgan,-0.3030279738435855,12.3625
GBR,qual,FX,United Kingdom,12.9,Mali Morgan,-0.3030279738435855,12.3625
GBR,qual,UB,United Kingdom,11.9,Mali Morgan,-0.3030279738435855,12.3625
GBR,final,VT,United Kingdom,13.15,Mali Morgan,-0.3030279738435855,12.3625
GBR,qual,VT,United Kingdom,13.2,Mali Morgan,-0.3030279738435855,12.3625
GBR,final,VT,United Kingdom,12.5,Mali Morgan,-0.3030279738435855,12.3625
GBR,qual,VT,United Kingdom,12.5,Mali Morgan,-0.3030279738435855,12.3625
GBR,qual,VT,United Kingdom,13.0,Mali Morgan,0.929097963227492,12.3625
GBR,qual,VT,United Kingdom,11.6,Mali Morgan,0.929097963227492,12.3625
JPN,qual,BB,Azerbaijan,12.633,Aoka Mori,-0.22993575723767412,12.7665
JPN,qual,UB,Azerbaijan,12.9,Aoka Mori,-0.22993575723767412,12.7665
GBR,qual,BB,United Kingdom,10.8,Liliana Moring,1.5973696579101104,10.966666666666667
GBR,qual,FX,United Kingdom,10.4,Liliana Moring,1.5973696579101104,10.966666666666667
GBR,qual,VT,United Kingdom,11.7,Liliana Moring,1.5973696579101104,10.966666666666667
GBR,qual,BB,United Kingdom,11.2,Paige Moroney,1.5973696579101104,11.35
GBR,qual,FX,United Kingdom,12.0,Paige Moroney,1.5973696579101104,11.35
GBR,qual,UB,United Kingdom,10.6,Paige Moroney,1.5973696579101104,11.35
GBR,qual,VT,United Kingdom,11.6,Paige Moroney,1.5973696579101104,11.35
USA,qual,BB,United States,13.25,Elle Mueller,0.8351222561627488,13.0
USA,final,BB,United States,12.3,Elle Mueller,0.8351222561627488,13.0
USA,qual,FX,United States,12.95,Elle Mueller,0.8351222561627488,13.0
USA,final,FX,United States,13.45,Elle Mueller,0.8351222561627488,13.0
USA,qual,UB,United States,12.75,Elle Mueller,0.8351222561627488,13.0
USA,final,UB,United States,13.9,Elle Mueller,0.8351222561627488,13.0
USA,qual,VT,United States,13.85,Elle Mueller,0.8351222561627488,13.0
USA,final,VT,United States,13.5,Elle Mueller,0.8351222561627488,13.0
USA,AAfinal,BB,United States,12.35,Elle Mueller,1.7435540911219332,13.0
USA,AAfinal,FX,United States,12.75,Elle Mueller,1.7435540911219332,13.0
USA,AAfinal,UB,United States,13.45,Elle Mueller,1.7435540911219332,13.0
USA,AAfinal,VT,United States,13.0,Elle Mueller,1.7435540911219332,13.0
USA,AAfinal,BB,United States,10.55,Elle Mueller,-0.9974040315997436,13.0
USA,AAfinal,UB,United States,13.3,Elle Mueller,-0.9974040315997436,13.0
USA,AAfinal,VT,United States,13.4,Elle Mueller,-0.9974040315997436,13.0
USA,AAfinal,BB,United States,12.2,Elle Mueller,-0.15684354063176276,13.0
USA,AAfinal,FX,United States,13.0,Elle Mueller,-0.15684354063176276,13.0
USA,AAfinal,UB,United States,13.4,Elle Mueller,-0.15684354063176276,13.0
USA,AAfinal,VT,United States,13.65,Elle Mueller,-0.15684354063176276,13.0
USA,AAfinal,BB,United States,10.8,Ella Murphy,-0.9974040315997436,12.125
USA,AAfinal,FX,United States,12.4,Ella Murphy,-0.9974040315997436,12.125
USA,AAfinal,UB,United States,12.4,Ella Murphy,-0.9974040315997436,12.125
USA,AAfinal,VT,United States,12.9,Ella Murphy,-0.9974040315997436,12.125
USA,qual,BB,United States,13.15,Marissa Neal,0.8351222561627488,12.6390625
USA,final,BB,United States,13.3,Marissa Neal,0.8351222561627488,12.6390625
USA,qual,FX,United States,12.35,Marissa Neal,0.8351222561627488,12.6390625
USA,final,FX,United States,12.45,Marissa Neal,0.8351222561627488,12.6390625
USA,qual,UB,United States,12.35,Marissa Neal,0.8351222561627488,12.6390625
USA,final,UB,United States,10.75,Marissa Neal,0.8351222561627488,12.6390625
USA,qual,VT,United States,13.65,Marissa Neal,0.8351222561627488,12.6390625
USA,final,VT,United States,13.8,Marissa Neal,0.8351222561627488,12.6390625
USA,AAfinal,BB,United States,12.95,Marissa Neal,0.9395397084569079,12.6390625
USA,AAfinal,FX,United States,12.0,Marissa Neal,0.9395397084569079,12.6390625
USA,AAfinal,UB,United States,12.85,Marissa Neal,0.9395397084569079,12.6390625
USA,AAfinal,VT,United States,13.85,Marissa Neal,0.9395397084569079,12.6390625
USA,AAfinal,BB,United States,12.9,Marissa Neal,1.7435540911219332,12.6390625
USA,AAfinal,FX,United States,12.4,Marissa Neal,1.7435540911219332,12.6390625
USA,AAfinal,UB,United States,10.8,Marissa Neal,1.7435540911219332,12.6390625
USA,AAfinal,VT,United States,13.0,Marissa Neal,1.7435540911219332,12.6390625
USA,AAfinal,BB,United States,12.55,Marissa Neal,-0.9974040315997436,12.6390625
USA,AAfinal,FX,United States,12.2,Marissa Neal,-0.9974040315997436,12.6390625
USA,AAfinal,UB,United States,12.65,Marissa Neal,-0.9974040315997436,12.6390625
USA,AAfinal,VT,United States,13.65,Marissa Neal,-0.9974040315997436,12.6390625
USA,qual,BB,United States,13.0,Marissa Neal,-1.1070423565086107,12.6390625
USA,final,BB,United States,12.85,Marissa Neal,-1.1070423565086107,12.6390625
USA,qual,FX,United States,12.9,Marissa Neal,-1.1070423565086107,12.6390625
USA,final,FX,United States,13.0,Marissa Neal,-1.1070423565086107,12.6390625
USA,qual,UB,United States,12.35,Marissa Neal,-1.1070423565086107,12.6390625
USA,final,UB,United States,12.3,Marissa Neal,-1.1070423565086107,12.6390625
USA,qual,VT,United States,13.6,Marissa Neal,-1.1070423565086107,12.6390625
USA,final,VT,United States,13.7,Marissa Neal,-1.1070423565086107,12.6390625
USA,AAfinal,BB,United States,11.6,Marissa Neal,-0.15684354063176276,12.6390625
USA,AAfinal,FX,United States,11.35,Marissa Neal,-0.15684354063176276,12.6390625
USA,AAfinal,UB,United States,10.85,Marissa Neal,-0.15684354063176276,12.6390625
USA,AAfinal,VT,United States,13.35,Marissa Neal,-0.15684354063176276,12.6390625
GBR,qual,BB,United Kingdom,9.4,Laura Nelson,1.5973696579101104,11.077777777777778
GBR,qual,FX,United Kingdom,10.45,Laura Nelson,1.5973696579101104,11.077777777777778
GBR,qual,UB,United Kingdom,10.3,Laura Nelson,1.5973696579101104,11.077777777777778
GBR,qual,VT,United Kingdom,12.95,Laura Nelson,1.5973696579101104,11.077777777777778
GBR,qual,BB,United Kingdom,10.25,Laura Nelson,-0.3030279738435855,11.077777777777778
GBR,qual,FX,United Kingdom,11.55,Laura Nelson,-0.3030279738435855,11.077777777777778
GBR,qual,UB,United Kingdom,9.9,Laura Nelson,-0.3030279738435855,11.077777777777778
GBR,qual,VT,United Kingdom,13.1,Laura Nelson,-0.3030279738435855,11.077777777777778
GBR,qual,VT,United Kingdom,11.8,Laura Nelson,-0.3030279738435855,11.077777777777778
GBR,qual,UB,United Kingdom,11.8,Sophie O Flaherty,-0.3030279738435855,11.8
GBR,qual,BB,United Kingdom,10.05,Milli De O Hara,-0.3030279738435855,11.0375
GBR,qual,FX,United Kingdom,11.25,Milli De O Hara,-0.3030279738435855,11.0375
GBR,qual,UB,United Kingdom,11.25,Milli De O Hara,-0.3030279738435855,11.0375
GBR,qual,VT,United Kingdom,11.6,Milli De O Hara,-0.3030279738435855,11.0375
KOR,qual,BB,China,11.433,Soseon Oh,-1.2793311527939732,11.244333333333335
KOR,qual,FX,China,11.9,Soseon Oh,-1.2793311527939732,11.244333333333335
KOR,qual,UB,China,10.4,Soseon Oh,-1.2793311527939732,11.244333333333335
JPN,final,BB,Germany,14.133,Mana Okamura,-0.15684354063176276,13.099615384615383
JPN,qual,BB,Germany,13.666,Mana Okamura,-0.15684354063176276,13.099615384615383
JPN,qual,UB,Germany,12.3,Mana Okamura,-0.15684354063176276,13.099615384615383
JPN,final,BB,China,13.966,Mana Okamura,-1.2793311527939732,13.099615384615383
JPN,qual,BB,China,13.366,Mana Okamura,-1.2793311527939732,13.099615384615383
JPN,AAfinal,BB,China,13.933,Mana Okamura,-1.2793311527939732,13.099615384615383
JPN,final,FX,China,12.7,Mana Okamura,-1.2793311527939732,13.099615384615383
JPN,qual,FX,China,13.133,Mana Okamura,-1.2793311527939732,13.099615384615383
JPN,AAfinal,FX,China,13.066,Mana Okamura,-1.2793311527939732,13.099615384615383
JPN,final,UB,China,11.2,Mana Okamura,-1.2793311527939732,13.099615384615383
JPN,qual,UB,China,12.933,Mana Okamura,-1.2793311527939732,13.099615384615383
JPN,AAfinal,UB,China,13.033,Mana Okamura,-1.2793311527939732,13.099615384615383
JPN,AAfinal,VT,China,12.866,Mana Okamura,-1.2793311527939732,13.099615384615383
BRA,qual,UB,United Kingdom,13.233,Lorrane Oliveira,0.42789419221552827,12.612538461538461
BRA,TeamFinal,UB,United Kingdom,13.2,Lorrane Oliveira,0.42789419221552827,12.612538461538461
BRA,TeamFinal,VT,United Kingdom,13.133,Lorrane Oliveira,0.42789419221552827,12.612538461538461
BRA,qual,VT,United Kingdom,12.666,Lorrane Oliveira,0.42789419221552827,12.612538461538461
BRA,qual,BB,France,11.35,Lorrane Oliveira,0.6471708420332624,12.612538461538461
BRA,final,UB,France,12.95,Lorrane Oliveira,0.6471708420332624,12.612538461538461
BRA,qual,UB,France,13.6,Lorrane Oliveira,0.6471708420332624,12.612538461538461
BRA,qual,UB,Belgium,12.033,Lorrane Oliveira,-1.3263190063263448,12.612538461538461
BRA,TeamFinal,UB,Belgium,13.166,Lorrane Oliveira,-1.3263190063263448,12.612538461538461
BRA,qual,BB,Croatia,11.066,Lorrane Oliveira,-0.7050351651760981,12.612538461538461
BRA,qual,FX,Croatia,11.4,Lorrane Oliveira,-0.7050351651760981,12.612538461538461
BRA,final,UB,Croatia,12.866,Lorrane Oliveira,-0.7050351651760981,12.612538461538461
BRA,qual,UB,Croatia,13.3,Lorrane Oliveira,-0.7050351651760981,12.612538461538461
NED,qual,BB,Bulgaria,12.2,Shade Van Oorschot,1.5869279126806943,12.0205
NED,qual,FX,Bulgaria,12.35,Shade Van Oorschot,1.5869279126806943,12.0205
FRA,final,FX,Bulgaria,12.8,Morgane Osyssek Reimer,1.5869279126806943,12.76918604651163
FRA,qual,FX,Bulgaria,12.95,Morgane Osyssek Reimer,1.5869279126806943,12.76918604651163
FRA,qual,VT,Bulgaria,12.95,Morgane Osyssek Reimer,1.5869279126806943,12.76918604651163
FRA,qual,VT,Bulgaria,12.65,Morgane Osyssek Reimer,1.5869279126806943,12.76918604651163
FRA,final,FX,Israel,13.367,Morgane Osyssek Reimer,-0.6684890568731424,12.76918604651163
FRA,qual,FX,Israel,13.233,Morgane Osyssek Reimer,-0.6684890568731424,12.76918604651163
FRA,qual,UB,Israel,11.633,Morgane Osyssek Reimer,-0.6684890568731424,12.76918604651163
FRA,qual,VT,Israel,13.333,Morgane Osyssek Reimer,-0.6684890568731424,12.76918604651163
FRA,final,VT,Israel,13.1,Morgane Osyssek Reimer,-0.6684890568731424,12.76918604651163
FRA,final,VT,Israel,12.533,Morgane Osyssek Reimer,-0.6684890568731424,12.76918604651163
FRA,qual,VT,Israel,12.7,Morgane Osyssek Reimer,-0.6684890568731424,12.76918604651163
FRA,qual,BB,Germany,13.1,Morgane Osyssek Reimer,-0.2664818655406298,12.76918604651163
FRA,qual,FX,Germany,12.55,Morgane Osyssek Reimer,-0.2664818655406298,12.76918604651163
FRA,qual,UB,Germany,12.15,Morgane Osyssek Reimer,-0.2664818655406298,12.76918604651163
FRA,qual,VT,Germany,13.1,Morgane Osyssek Reimer,-0.2664818655406298,12.76918604651163
FRA,qual,BB,Germany,12.466,Morgane Osyssek Reimer,0.8664474918509966,12.76918604651163
FRA,TeamFinal,BB,Germany,11.766,Morgane Osyssek Reimer,0.8664474918509966,12.76918604651163
FRA,final,FX,Germany,12.666,Morgane Osyssek Reimer,0.8664474918509966,12.76918604651163
FRA,qual,FX,Germany,13.2,Morgane Osyssek Reimer,0.8664474918509966,12.76918604651163
FRA,TeamFinal,FX,Germany,13.166,Morgane Osyssek Reimer,0.8664474918509966,12.76918604651163
FRA,qual,UB,Germany,10.433,Morgane Osyssek Reimer,0.8664474918509966,12.76918604651163
FRA,qual,VT,Germany,13.3,Morgane Osyssek Reimer,0.8664474918509966,12.76918604651163
FRA,TeamFinal,VT,Germany,12.033,Morgane Osyssek Reimer,0.8664474918509966,12.76918604651163
FRA,qual,VT,Germany,13.3,Morgane Osyssek Reimer,0.8664474918509966,12.76918604651163
FRA,qual,VT,Germany,13.0,Morgane Osyssek Reimer,0.8664474918509966,12.76918604651163
FRA,AAfinal,BB,Belgium,13.366,Morgane Osyssek Reimer,-1.3263190063263448,12.76918604651163
FRA,qual,BB,Belgium,13.033,Morgane Osyssek Reimer,-1.3263190063263448,12.76918604651163
FRA,TeamFinal,BB,Belgium,13.333,Morgane Osyssek Reimer,-1.3263190063263448,12.76918604651163
FRA,AAfinal,FX,Belgium,13.133,Morgane Osyssek Reimer,-1.3263190063263448,12.76918604651163
FRA,qual,FX,Belgium,13.433,Morgane Osyssek Reimer,-1.3263190063263448,12.76918604651163
FRA,TeamFinal,FX,Belgium,13.3,Morgane Osyssek Reimer,-1.3263190063263448,12.76918604651163
FRA,AAfinal,UB,Belgium,13.1,Morgane Osyssek Reimer,-1.3263190063263448,12.76918604651163
FRA,qual,UB,Belgium,12.033,Morgane Osyssek Reimer,-1.3263190063263448,12.76918604651163
FRA,AAfinal,VT,Belgium,13.2,Morgane Osyssek Reimer,-1.3263190063263448,12.76918604651163
FRA,qual,VT,Belgium,13.333,Morgane Osyssek Reimer,-1.3263190063263448,12.76918604651163
FRA,AAfinal,BB,Turkey,12.633,Morgane Osyssek Reimer,-0.4126662987524526,12.76918604651163
FRA,qual,BB,Turkey,12.8,Morgane Osyssek Reimer,-0.4126662987524526,12.76918604651163
FRA,AAfinal,FX,Turkey,12.3,Morgane Osyssek Reimer,-0.4126662987524526,12.76918604651163
FRA,qual,FX,Turkey,12.633,Morgane Osyssek Reimer,-0.4126662987524526,12.76918604651163
FRA,AAfinal,UB,Turkey,12.8,Morgane Osyssek Reimer,-0.4126662987524526,12.76918604651163
FRA,qual,UB,Turkey,10.566,Morgane Osyssek Reimer,-0.4126662987524526,12.76918604651163
FRA,AAfinal,VT,Turkey,13.2,Morgane Osyssek Reimer,-0.4126662987524526,12.76918604651163
FRA,qual,VT,Turkey,13.4,Morgane Osyssek Reimer,-0.4126662987524526,12.76918604651163
CHN,AAfinal,BB,United Kingdom,13.866,Yushan Ou,0.42789419221552827,13.588103448275863
CHN,final,BB,United Kingdom,13.0,Yushan Ou,0.42789419221552827,13.588103448275863
CHN,qual,BB,United Kingdom,13.9,Yushan Ou,0.42789419221552827,13.588103448275863
CHN,TeamFinal,BB,United Kingdom,14.266,Yushan Ou,0.42789419221552827,13.588103448275863
CHN,AAfinal,FX,United Kingdom,13.733,Yushan Ou,0.42789419221552827,13.588103448275863
CHN,qual,FX,United Kingdom,13.4,Yushan Ou,0.42789419221552827,13.588103448275863
CHN,TeamFinal,FX,United Kingdom,12.966,Yushan Ou,0.42789419221552827,13.588103448275863
CHN,AAfinal,UB,United Kingdom,13.2,Yushan Ou,0.42789419221552827,13.588103448275863
CHN,qual,UB,United Kingdom,14.166,Yushan Ou,0.42789419221552827,13.588103448275863
CHN,AAfinal,VT,United Kingdom,13.1,Yushan Ou,0.42789419221552827,13.588103448275863
CHN,TeamFinal,VT,United Kingdom,13.133,Yushan Ou,0.42789419221552827,13.588103448275863
CHN,qual,VT,United Kingdom,13.0,Yushan Ou,0.42789419221552827,13.588103448275863
CHN,qual,BB,Belgium,14.066,Yushan Ou,-1.3263190063263448,13.588103448275863
CHN,TeamFinal,BB,Belgium,13.933,Yushan Ou,-1.3263190063263448,13.588103448275863
CHN,qual,FX,Belgium,13.366,Yushan Ou,-1.3263190063263448,13.588103448275863
CHN,TeamFinal,FX,Belgium,12.066,Yushan Ou,-1.3263190063263448,13.588103448275863
CHN,qual,UB,Belgium,14.1,Yushan Ou,-1.3263190063263448,13.588103448275863
CHN,TeamFinal,UB,Belgium,13.766,Yushan Ou,-1.3263190063263448,13.588103448275863
CHN,qual,VT,Belgium,13.1,Yushan Ou,-1.3263190063263448,13.588103448275863
CHN,final,BB,China,14.366,Yushan Ou,-0.9921831589850356,13.588103448275863
CHN,qual,BB,China,14.2,Yushan Ou,-0.9921831589850356,13.588103448275863
CHN,AAfinal,BB,China,14.166,Yushan Ou,-0.9921831589850356,13.588103448275863
CHN,final,FX,China,13.866,Yushan Ou,-0.9921831589850356,13.588103448275863
CHN,qual,FX,China,13.766,Yushan Ou,-0.9921831589850356,13.588103448275863
CHN,AAfinal,FX,China,13.566,Yushan Ou,-0.9921831589850356,13.588103448275863
CHN,qual,UB,China,14.166,Yushan Ou,-0.9921831589850356,13.588103448275863
CHN,AAfinal,UB,China,13.833,Yushan Ou,-0.9921831589850356,13.588103448275863
CHN,AAfinal,VT,China,12.933,Yushan Ou,-0.9921831589850356,13.588103448275863
CHN,qual,VT,China,13.066,Yushan Ou,-0.9921831589850356,13.588103448275863
AUS,qual,BB,Belgium,12.6,Ruby Pass,-1.3263190063263448,12.60207142857143
AUS,qual,FX,Belgium,12.733,Ruby Pass,-1.3263190063263448,12.60207142857143
AUS,qual,UB,Belgium,13.833,Ruby Pass,-1.3263190063263448,12.60207142857143
AUS,qual,VT,Belgium,11.9,Ruby Pass,-1.3263190063263448,12.60207142857143
AUS,final,BB,Azerbaijan,11.066,Ruby Pass,-0.22993575723767412,12.60207142857143
AUS,qual,BB,Azerbaijan,13.1,Ruby Pass,-0.22993575723767412,12.60207142857143
AUS,final,FX,Azerbaijan,12.466,Ruby Pass,-0.22993575723767412,12.60207142857143
AUS,qual,FX,Azerbaijan,12.9,Ruby Pass,-0.22993575723767412,12.60207142857143
AUS,final,UB,Azerbaijan,13.633,Ruby Pass,-0.22993575723767412,12.60207142857143
AUS,qual,UB,Azerbaijan,13.366,Ruby Pass,-0.22993575723767412,12.60207142857143
AUS,qual,BB,Qatar,12.233,Ruby Pass,-0.18816877632001047,12.60207142857143
AUS,final,FX,Qatar,12.433,Ruby Pass,-0.18816877632001047,12.60207142857143
AUS,qual,FX,Qatar,12.266,Ruby Pass,-0.18816877632001047,12.60207142857143
AUS,qual,UB,Qatar,11.9,Ruby Pass,-0.18816877632001047,12.60207142857143
GBR,qual,BB,United Kingdom,11.9,Ellie Patrick,1.5973696579101104,12.059999999999999
GBR,qual,FX,United Kingdom,11.85,Ellie Patrick,1.5973696579101104,12.059999999999999
GBR,qual,UB,United Kingdom,12.05,Ellie Patrick,1.5973696579101104,12.059999999999999
GBR,qual,VT,United Kingdom,12.7,Ellie Patrick,1.5973696579101104,12.059999999999999
GBR,qual,VT,United Kingdom,11.8,Ellie Patrick,1.5973696579101104,12.059999999999999
CAN,qual,BB,United Kingdom,11.7,Denelle Pedrick,0.42789419221552827,12.763894736842106
CAN,qual,FX,United Kingdom,12.9,Denelle Pedrick,0.42789419221552827,12.763894736842106
CAN,TeamFinal,VT,United Kingdom,13.866,Denelle Pedrick,0.42789419221552827,12.763894736842106
CAN,qual,VT,United Kingdom,13.9,Denelle Pedrick,0.42789419221552827,12.763894736842106
CAN,qual,VT,United Kingdom,13.9,Denelle Pedrick,0.42789419221552827,12.763894736842106
CAN,qual,VT,United Kingdom,12.166,Denelle Pedrick,0.42789419221552827,12.763894736842106
CAN,final,BB,France,11.15,Denelle Pedrick,0.6471708420332624,12.763894736842106
CAN,qual,BB,France,12.75,Denelle Pedrick,0.6471708420332624,12.763894736842106
CAN,qual,FX,France,12.35,Denelle Pedrick,0.6471708420332624,12.763894736842106
CAN,qual,VT,France,13.85,Denelle Pedrick,0.6471708420332624,12.763894736842106
CAN,qual,VT,France,11.55,Denelle Pedrick,0.6471708420332624,12.763894736842106
CAN,qual,BB,Croatia,11.9,Denelle Pedrick,-0.7050351651760981,12.763894736842106
CAN,qual,FX,Croatia,12.9,Denelle Pedrick,-0.7050351651760981,12.763894736842106
CAN,final,FX,Croatia,13.3,Denelle Pedrick,-0.7050351651760981,12.763894736842106
CAN,qual,UB,Croatia,12.433,Denelle Pedrick,-0.7050351651760981,12.763894736842106
CAN,qual,VT,Croatia,13.566,Denelle Pedrick,-0.7050351651760981,12.763894736842106
CAN,final,VT,Croatia,13.7,Denelle Pedrick,-0.7050351651760981,12.763894736842106
CAN,qual,VT,Croatia,12.2,Denelle Pedrick,-0.7050351651760981,12.763894736842106
CAN,final,VT,Croatia,12.433,Denelle Pedrick,-0.7050351651760981,12.763894736842106
BRA,qual,BB,United Kingdom,11.4,Carolyne Mercer Winche Pedro,0.42789419221552827,12.324875
BRA,TeamFinal,BB,United Kingdom,11.966,Carolyne Mercer Winche Pedro,0.42789419221552827,12.324875
BRA,qual,FX,United Kingdom,12.833,Carolyne Mercer Winche Pedro,0.42789419221552827,12.324875
BRA,TeamFinal,FX,United Kingdom,12.466,Carolyne Mercer Winche Pedro,0.42789419221552827,12.324875
BRA,qual,UB,United Kingdom,12.8,Carolyne Mercer Winche Pedro,0.42789419221552827,12.324875
BRA,TeamFinal,VT,United Kingdom,13.166,Carolyne Mercer Winche Pedro,0.42789419221552827,12.324875
BRA,qual,VT,United Kingdom,12.933,Carolyne Mercer Winche Pedro,0.42789419221552827,12.324875
BRA,qual,BB,Azerbaijan,12.033,Carolyne Mercer Winche Pedro,1.5608235496071545,12.324875
BRA,final,UB,Azerbaijan,12.8,Carolyne Mercer Winche Pedro,1.5608235496071545,12.324875
BRA,qual,UB,Azerbaijan,12.766,Carolyne Mercer Winche Pedro,1.5608235496071545,12.324875
BRA,qual,BB,Germany,12.15,Carolyne Mercer Winche Pedro,-0.2664818655406298,12.324875
BRA,qual,FX,Germany,12.0,Carolyne Mercer Winche Pedro,-0.2664818655406298,12.324875
BRA,qual,UB,Germany,11.35,Carolyne Mercer Winche Pedro,-0.2664818655406298,12.324875
BRA,qual,VT,Germany,13.0,Carolyne Mercer Winche Pedro,-0.2664818655406298,12.324875
BRA,qual,FX,Chile,12.3,Carolyne Mercer Winche Pedro,-1.41507384077638,12.324875
BRA,qual,UB,Chile,10.4,Carolyne Mercer Winche Pedro,-1.41507384077638,12.324875
AUS,qual,BB,Germany,12.35,Macy Pegoli,-0.2664818655406298,12.3
AUS,qual,FX,Germany,11.65,Macy Pegoli,-0.2664818655406298,12.3
AUS,qual,UB,Germany,11.95,Macy Pegoli,-0.2664818655406298,12.3
AUS,qual,VT,Germany,13.25,Macy Pegoli,-0.2664818655406298,12.3
GBR,qual,BB,United Kingdom,10.75,Leasha Pengkerego Ravenscroft,1.5973696579101104,11.522222222222222
GBR,qual,FX,United Kingdom,11.45,Leasha Pengkerego Ravenscroft,1.5973696579101104,11.522222222222222
GBR,qual,UB,United Kingdom,10.9,Leasha Pengkerego Ravenscroft,1.5973696579101104,11.522222222222222
GBR,qual,VT,United Kingdom,12.6,Leasha Pengkerego Ravenscroft,1.5973696579101104,11.522222222222222
GBR,qual,BB,United Kingdom,10.75,Leasha Pengkerego Ravenscroft,-0.3030279738435855,11.522222222222222
GBR,qual,FX,United Kingdom,11.75,Leasha Pengkerego Ravenscroft,-0.3030279738435855,11.522222222222222
GBR,qual,UB,United Kingdom,10.7,Leasha Pengkerego Ravenscroft,-0.3030279738435855,11.522222222222222
GBR,qual,VT,United Kingdom,12.9,Leasha Pengkerego Ravenscroft,-0.3030279738435855,11.522222222222222
GBR,qual,VT,United Kingdom,11.9,Leasha Pengkerego Ravenscroft,-0.3030279738435855,11.522222222222222
GBR,qual,BB,United Kingdom,9.8,Mia Perryment,1.5973696579101104,11.334999999999999
GBR,qual,FX,United Kingdom,10.9,Mia Perryment,1.5973696579101104,11.334999999999999
GBR,qual,UB,United Kingdom,9.8,Mia Perryment,1.5973696579101104,11.334999999999999
GBR,qual,VT,United Kingdom,12.45,Mia Perryment,1.5973696579101104,11.334999999999999
GBR,qual,VT,United Kingdom,11.85,Mia Perryment,1.5973696579101104,11.334999999999999
GBR,qual,BB,United Kingdom,12.15,Mia Perryment,-0.3030279738435855,11.334999999999999
GBR,qual,FX,United Kingdom,11.2,Mia Perryment,-0.3030279738435855,11.334999999999999
GBR,qual,UB,United Kingdom,10.75,Mia Perryment,-0.3030279738435855,11.334999999999999
GBR,qual,VT,United Kingdom,12.45,Mia Perryment,-0.3030279738435855,11.334999999999999
GBR,qual,VT,United Kingdom,12.0,Mia Perryment,-0.3030279738435855,11.334999999999999
FRA,qual,BB,Germany,12.5,Sheyen Petit,-0.2664818655406298,12.633333333333333
FRA,qual,UB,Germany,13.1,Sheyen Petit,-0.2664818655406298,12.633333333333333
FRA,qual,VT,Germany,12.3,Sheyen Petit,-0.2664818655406298,12.633333333333333
ITA,final,BB,Azerbaijan,12.633,Viola Pierazzini,-0.22993575723767412,12.321666666666665
ITA,qual,BB,Azerbaijan,12.866,Viola Pierazzini,-0.22993575723767412,12.321666666666665
ITA,qual,FX,Azerbaijan,11.466,Viola Pierazzini,-0.22993575723767412,12.321666666666665
USA,qual,BB,United States,12.05,Brooke Pierson,0.8351222561627488,12.379166666666668
USA,final,BB,United States,11.7,Brooke Pierson,0.8351222561627488,12.379166666666668
USA,qual,FX,United States,11.95,Brooke Pierson,0.8351222561627488,12.379166666666668
USA,final,FX,United States,10.7,Brooke Pierson,0.8351222561627488,12.379166666666668
USA,qual,UB,United States,13.05,Brooke Pierson,0.8351222561627488,12.379166666666668
USA,final,UB,United States,13.1,Brooke Pierson,0.8351222561627488,12.379166666666668
USA,qual,VT,United States,13.7,Brooke Pierson,0.8351222561627488,12.379166666666668
USA,final,VT,United States,13.5,Brooke Pierson,0.8351222561627488,12.379166666666668
USA,AAfinal,BB,United States,12.65,Brooke Pierson,0.9395397084569079,12.379166666666668
USA,AAfinal,FX,United States,11.65,Brooke Pierson,0.9395397084569079,12.379166666666668
USA,AAfinal,UB,United States,13.35,Brooke Pierson,0.9395397084569079,12.379166666666668
USA,AAfinal,VT,United States,13.8,Brooke Pierson,0.9395397084569079,12.379166666666668
USA,AAfinal,BB,United States,12.0,Brooke Pierson,1.7435540911219332,12.379166666666668
USA,AAfinal,FX,United States,12.3,Brooke Pierson,1.7435540911219332,12.379166666666668
USA,AAfinal,UB,United States,13.05,Brooke Pierson,1.7435540911219332,12.379166666666668
USA,AAfinal,VT,United States,13.55,Brooke Pierson,1.7435540911219332,12.379166666666668
USA,AAfinal,BB,United States,10.85,Brooke Pierson,-0.9974040315997436,12.379166666666668
USA,AAfinal,FX,United States,11.6,Brooke Pierson,-0.9974040315997436,12.379166666666668
USA,AAfinal,UB,United States,13.2,Brooke Pierson,-0.9974040315997436,12.379166666666668
USA,AAfinal,VT,United States,13.0,Brooke Pierson,-0.9974040315997436,12.379166666666668
USA,AAfinal,BB,United States,9.8,Brooke Pierson,-0.15684354063176276,12.379166666666668
USA,AAfinal,FX,United States,12.05,Brooke Pierson,-0.15684354063176276,12.379166666666668
USA,AAfinal,UB,United States,11.6,Brooke Pierson,-0.15684354063176276,12.379166666666668
USA,AAfinal,VT,United States,12.9,Brooke Pierson,-0.15684354063176276,12.379166666666668
USA,AAfinal,BB,United States,13.1,Michelle Pineda,-0.9974040315997436,12.83125
USA,AAfinal,FX,United States,12.65,Michelle Pineda,-0.9974040315997436,12.83125
USA,AAfinal,UB,United States,13.2,Michelle Pineda,-0.9974040315997436,12.83125
USA,AAfinal,VT,United States,13.5,Michelle Pineda,-0.9974040315997436,12.83125
USA,qual,BB,United States,12.7,Michelle Pineda,-1.1070423565086107,12.83125
USA,final,BB,United States,12.85,Michelle Pineda,-1.1070423565086107,12.83125
USA,qual,FX,United States,12.4,Michelle Pineda,-1.1070423565086107,12.83125
USA,final,FX,United States,12.95,Michelle Pineda,-1.1070423565086107,12.83125
USA,qual,UB,United States,12.8,Michelle Pineda,-1.1070423565086107,12.83125
USA,final,UB,United States,12.85,Michelle Pineda,-1.1070423565086107,12.83125
USA,qual,VT,United States,13.55,Michelle Pineda,-1.1070423565086107,12.83125
USA,final,VT,United States,13.7,Michelle Pineda,-1.1070423565086107,12.83125
USA,AAfinal,BB,United States,11.65,Michelle Pineda,-0.15684354063176276,12.83125
USA,AAfinal,FX,United States,12.85,Michelle Pineda,-0.15684354063176276,12.83125
USA,AAfinal,UB,United States,11.5,Michelle Pineda,-0.15684354063176276,12.83125
USA,AAfinal,VT,United States,13.05,Michelle Pineda,-0.15684354063176276,12.83125
NED,qual,BB,Belgium,10.866,Vera Van Pol,-1.3263190063263448,12.767833333333334
NED,qual,FX,Belgium,13.066,Vera Van Pol,-1.3263190063263448,12.767833333333334
NED,TeamFinal,FX,Belgium,12.9,Vera Van Pol,-1.3263190063263448,12.767833333333334
NED,qual,UB,Belgium,13.066,Vera Van Pol,-1.3263190063263448,12.767833333333334
NED,TeamFinal,VT,Belgium,13.4,Vera Van Pol,-1.3263190063263448,12.767833333333334
NED,qual,VT,Belgium,13.6,Vera Van Pol,-1.3263190063263448,12.767833333333334
NED,qual,FX,Azerbaijan,12.2,Vera Van Pol,1.5608235496071545,12.767833333333334
NED,qual,UB,Azerbaijan,13.0,Vera Van Pol,1.5608235496071545,12.767833333333334
NED,final,UB,Azerbaijan,12.966,Vera Van Pol,1.5608235496071545,12.767833333333334
USA,AAfinal,BB,United States,10.6,Christiane Popovich,-0.15684354063176276,11.925
USA,AAfinal,FX,United States,12.3,Christiane Popovich,-0.15684354063176276,11.925
USA,AAfinal,UB,United States,12.05,Christiane Popovich,-0.15684354063176276,11.925
USA,AAfinal,VT,United States,12.75,Christiane Popovich,-0.15684354063176276,11.925
GBR,qual,BB,United Kingdom,8.95,Kacey Pratley,1.5973696579101104,11.44375
GBR,qual,FX,United Kingdom,11.65,Kacey Pratley,1.5973696579101104,11.44375
GBR,qual,UB,United Kingdom,11.4,Kacey Pratley,1.5973696579101104,11.44375
GBR,qual,VT,United Kingdom,12.1,Kacey Pratley,1.5973696579101104,11.44375
GBR,qual,BB,United Kingdom,11.85,Kacey Pratley,-0.3030279738435855,11.44375
GBR,qual,FX,United Kingdom,11.75,Kacey Pratley,-0.3030279738435855,11.44375
GBR,qual,UB,United Kingdom,11.95,Kacey Pratley,-0.3030279738435855,11.44375
GBR,qual,VT,United Kingdom,11.9,Kacey Pratley,-0.3030279738435855,11.44375
ROU,qual,BB,United Kingdom,11.966,Andreea Preda,0.42789419221552827,12.32295652173913
ROU,qual,FX,United Kingdom,12.666,Andreea Preda,0.42789419221552827,12.32295652173913
ROU,qual,UB,United Kingdom,10.666,Andreea Preda,0.42789419221552827,12.32295652173913
ROU,qual,VT,United Kingdom,12.8,Andreea Preda,0.42789419221552827,12.32295652173913
ROU,final,BB,Turkey,12.6,Andreea Preda,0.574078625427351,12.32295652173913
ROU,qual,BB,Turkey,12.85,Andreea Preda,0.574078625427351,12.32295652173913
ROU,qual,FX,Turkey,12.9,Andreea Preda,0.574078625427351,12.32295652173913
ROU,final,FX,Turkey,12.65,Andreea Preda,0.574078625427351,12.32295652173913
ROU,qual,UB,Turkey,12.55,Andreea Preda,0.574078625427351,12.32295652173913
ROU,final,UB,Turkey,12.25,Andreea Preda,0.574078625427351,12.32295652173913
ROU,qual,FX,Croatia,11.3,Andreea Preda,1.1953624665775977,12.32295652173913
ROU,qual,VT,Croatia,12.833,Andreea Preda,1.1953624665775977,12.32295652173913
ROU,qual,VT,Croatia,11.933,Andreea Preda,1.1953624665775977,12.32295652173913
ROU,qual,BB,Germany,12.466,Andreea Preda,0.8664474918509966,12.32295652173913
ROU,qual,FX,Germany,12.733,Andreea Preda,0.8664474918509966,12.32295652173913
ROU,qual,UB,Germany,12.1,Andreea Preda,0.8664474918509966,12.32295652173913
ROU,qual,VT,Germany,12.6,Andreea Preda,0.8664474918509966,12.32295652173913
ROU,qual,BB,Belgium,11.966,Andreea Preda,-1.3263190063263448,12.32295652173913
ROU,qual,FX,Belgium,12.3,Andreea Preda,-1.3263190063263448,12.32295652173913
ROU,qual,UB,Belgium,12.733,Andreea Preda,-1.3263190063263448,12.32295652173913
ROU,qual,VT,Belgium,12.966,Andreea Preda,-1.3263190063263448,12.32295652173913
ROU,qual,BB,Turkey,12.1,Andreea Preda,-0.4126662987524526,12.32295652173913
ROU,qual,FX,Turkey,11.5,Andreea Preda,-0.4126662987524526,12.32295652173913
CHN,qual,BB,Singapore,13.833,Qiyuan Qiu,-0.7415812734790538,13.687249999999999
CHN,final,FX,Singapore,12.133,Qiyuan Qiu,-0.7415812734790538,13.687249999999999
CHN,qual,FX,Singapore,13.1,Qiyuan Qiu,-0.7415812734790538,13.687249999999999
CHN,final,UB,Singapore,14.333,Qiyuan Qiu,-0.7415812734790538,13.687249999999999
CHN,qual,UB,Singapore,15.233,Qiyuan Qiu,-0.7415812734790538,13.687249999999999
CHN,AAfinal,BB,Belgium,13.733,Qiyuan Qiu,-1.3263190063263448,13.687249999999999
CHN,qual,BB,Belgium,13.8,Qiyuan Qiu,-1.3263190063263448,13.687249999999999
CHN,AAfinal,FX,Belgium,13.166,Qiyuan Qiu,-1.3263190063263448,13.687249999999999
CHN,qual,FX,Belgium,12.833,Qiyuan Qiu,-1.3263190063263448,13.687249999999999
CHN,TeamFinal,FX,Belgium,13.4,Qiyuan Qiu,-1.3263190063263448,13.687249999999999
CHN,AAfinal,UB,Belgium,14.7,Qiyuan Qiu,-1.3263190063263448,13.687249999999999
CHN,final,UB,Belgium,15.1,Qiyuan Qiu,-1.3263190063263448,13.687249999999999
CHN,qual,UB,Belgium,14.9,Qiyuan Qiu,-1.3263190063263448,13.687249999999999
CHN,TeamFinal,UB,Belgium,14.733,Qiyuan Qiu,-1.3263190063263448,13.687249999999999
CHN,AAfinal,VT,Belgium,13.2,Qiyuan Qiu,-1.3263190063263448,13.687249999999999
CHN,TeamFinal,VT,Belgium,13.1,Qiyuan Qiu,-1.3263190063263448,13.687249999999999
CHN,qual,VT,Belgium,13.133,Qiyuan Qiu,-1.3263190063263448,13.687249999999999
CHN,qual,BB,Azerbaijan,12.7,Qiyuan Qiu,-0.22993575723767412,13.687249999999999
CHN,final,UB,Azerbaijan,14.7,Qiyuan Qiu,-0.22993575723767412,13.687249999999999
CHN,qual,UB,Azerbaijan,14.766,Qiyuan Qiu,-0.22993575723767412,13.687249999999999
CHN,final,BB,Qatar,12.233,Qiyuan Qiu,-0.18816877632001047,13.687249999999999
CHN,qual,BB,Qatar,13.266,Qiyuan Qiu,-0.18816877632001047,13.687249999999999
CHN,final,UB,Qatar,11.633,Qiyuan Qiu,-0.18816877632001047,13.687249999999999
CHN,qual,UB,Qatar,14.766,Qiyuan Qiu,-0.18816877632001047,13.687249999999999
CAN,qual,BB,Croatia,12.333,Clara Raposo,-0.7050351651760981,12.32475
CAN,qual,FX,Croatia,12.6,Clara Raposo,-0.7050351651760981,12.32475
CAN,final,FX,Croatia,12.666,Clara Raposo,-0.7050351651760981,12.32475
CAN,qual,UB,Croatia,11.7,Clara Raposo,-0.7050351651760981,12.32475
USA,AAfinal,FX,United States,11.65,Camryn Richardson,1.7435540911219332,12.95
USA,AAfinal,VT,United States,14.25,Camryn Richardson,1.7435540911219332,12.95
USA,qual,BB,United States,13.25,Joscelyn Michelle Roberson,0.8351222561627488,13.201344827586206
USA,final,BB,United States,11.95,Joscelyn Michelle Roberson,0.8351222561627488,13.201344827586206
USA,qual,FX,United States,12.85,Joscelyn Michelle Roberson,0.8351222561627488,13.201344827586206
USA,final,FX,United States,12.95,Joscelyn Michelle Roberson,0.8351222561627488,13.201344827586206
USA,qual,UB,United States,10.9,Joscelyn Michelle Roberson,0.8351222561627488,13.201344827586206
USA,final,UB,United States,11.2,Joscelyn Michelle Roberson,0.8351222561627488,13.201344827586206
USA,qual,VT,United States,13.75,Joscelyn Michelle Roberson,0.8351222561627488,13.201344827586206
USA,final,VT,United States,13.8,Joscelyn Michelle Roberson,0.8351222561627488,13.201344827586206
USA,AAfinal,BB,United States,12.3,Joscelyn Michelle Roberson,0.9395397084569079,13.201344827586206
USA,AAfinal,FX,United States,12.7,Joscelyn Michelle Roberson,0.9395397084569079,13.201344827586206
USA,AAfinal,UB,United States,10.55,Joscelyn Michelle Roberson,0.9395397084569079,13.201344827586206
USA,AAfinal,VT,United States,14.0,Joscelyn Michelle Roberson,0.9395397084569079,13.201344827586206
USA,AAfinal,BB,United States,13.4,Joscelyn Michelle Roberson,1.7435540911219332,13.201344827586206
USA,AAfinal,FX,United States,12.65,Joscelyn Michelle Roberson,1.7435540911219332,13.201344827586206
USA,AAfinal,UB,United States,9.75,Joscelyn Michelle Roberson,1.7435540911219332,13.201344827586206
USA,AAfinal,VT,United States,12.9,Joscelyn Michelle Roberson,1.7435540911219332,13.201344827586206
USA,qual,FX,Belgium,13.633,Joscelyn Michelle Roberson,-1.3263190063263448,13.201344827586206
USA,qual,VT,Belgium,14.466,Joscelyn Michelle Roberson,-1.3263190063263448,13.201344827586206
USA,qual,VT,Belgium,13.633,Joscelyn Michelle Roberson,-1.3263190063263448,13.201344827586206
USA,final,BB,Egypt,13.233,Joscelyn Michelle Roberson,-0.48575851535836395,13.201344827586206
USA,qual,BB,Egypt,12.833,Joscelyn Michelle Roberson,-0.48575851535836395,13.201344827586206
USA,final,FX,Egypt,13.7,Joscelyn Michelle Roberson,-0.48575851535836395,13.201344827586206
USA,qual,FX,Egypt,14.066,Joscelyn Michelle Roberson,-0.48575851535836395,13.201344827586206
USA,qual,UB,Egypt,11.4,Joscelyn Michelle Roberson,-0.48575851535836395,13.201344827586206
USA,final,VT,Egypt,14.033,Joscelyn Michelle Roberson,-0.48575851535836395,13.201344827586206
USA,qual,VT,Egypt,14.066,Joscelyn Michelle Roberson,-0.48575851535836395,13.201344827586206
USA,final,VT,Egypt,13.933,Joscelyn Michelle Roberson,-0.48575851535836395,13.201344827586206
USA,qual,VT,Egypt,13.966,Joscelyn Michelle Roberson,-0.48575851535836395,13.201344827586206
USA,AAfinal,BB,United States,14.3,Joscelyn Michelle Roberson,-0.9974040315997436,13.201344827586206
USA,AAfinal,FX,United States,14.0,Joscelyn Michelle Roberson,-0.9974040315997436,13.201344827586206
USA,AAfinal,UB,United States,11.1,Joscelyn Michelle Roberson,-0.9974040315997436,13.201344827586206
USA,AAfinal,VT,United States,14.65,Joscelyn Michelle Roberson,-0.9974040315997436,13.201344827586206
USA,qual,BB,United States,13.2,Joscelyn Michelle Roberson,-1.1070423565086107,13.201344827586206
USA,final,BB,United States,13.2,Joscelyn Michelle Roberson,-1.1070423565086107,13.201344827586206
USA,qual,FX,United States,13.3,Joscelyn Michelle Roberson,-1.1070423565086107,13.201344827586206
USA,final,FX,United States,13.6,Joscelyn Michelle Roberson,-1.1070423565086107,13.201344827586206
USA,qual,UB,United States,11.8,Joscelyn Michelle Roberson,-1.1070423565086107,13.201344827586206
USA,final,UB,United States,11.8,Joscelyn Michelle Roberson,-1.1070423565086107,13.201344827586206
USA,qual,VT,United States,14.65,Joscelyn Michelle Roberson,-1.1070423565086107,13.201344827586206
USA,final,VT,United States,14.55,Joscelyn Michelle Roberson,-1.1070423565086107,13.201344827586206
USA,AAfinal,BB,United States,13.3,Joscelyn Michelle Roberson,-0.15684354063176276,13.201344827586206
USA,AAfinal,FX,United States,13.55,Joscelyn Michelle Roberson,-0.15684354063176276,13.201344827586206
USA,AAfinal,UB,United States,10.85,Joscelyn Michelle Roberson,-0.15684354063176276,13.201344827586206
USA,AAfinal,VT,United States,14.0,Joscelyn Michelle Roberson,-0.15684354063176276,13.201344827586206
USA,qual,BB,Germany,12.5,Joscelyn Michelle Roberson,-0.2664818655406298,13.201344827586206
USA,final,FX,Germany,13.3,Joscelyn Michelle Roberson,-0.2664818655406298,13.201344827586206
USA,qual,FX,Germany,14.15,Joscelyn Michelle Roberson,-0.2664818655406298,13.201344827586206
USA,qual,UB,Germany,13.0,Joscelyn Michelle Roberson,-0.2664818655406298,13.201344827586206
USA,final,VT,Germany,14.233,Joscelyn Michelle Roberson,-0.2664818655406298,13.201344827586206
USA,qual,VT,Germany,14.2,Joscelyn Michelle Roberson,-0.2664818655406298,13.201344827586206
USA,final,VT,Germany,13.933,Joscelyn Michelle Roberson,-0.2664818655406298,13.201344827586206
USA,qual,VT,Germany,13.95,Joscelyn Michelle Roberson,-0.2664818655406298,13.201344827586206
USA,TeamFinal,BB,Colombia,13.733,Joscelyn Michelle Roberson,-0.6319429485701867,13.201344827586206
USA,qual,BB,Colombia,13.267,Joscelyn Michelle Roberson,-0.6319429485701867,13.201344827586206
USA,TeamFinal,FX,Colombia,14.067,Joscelyn Michelle Roberson,-0.6319429485701867,13.201344827586206
USA,qual,FX,Colombia,14.1,Joscelyn Michelle Roberson,-0.6319429485701867,13.201344827586206
USA,TeamFinal,VT,Colombia,13.8,Joscelyn Michelle Roberson,-0.6319429485701867,13.201344827586206
USA,qual,VT,Colombia,13.733,Joscelyn Michelle Roberson,-0.6319429485701867,13.201344827586206
GBR,qual,BB,United Kingdom,10.8,Ella Robinson,1.5973696579101104,11.03125
GBR,qual,FX,United Kingdom,11.6,Ella Robinson,1.5973696579101104,11.03125
GBR,qual,UB,United Kingdom,8.3,Ella Robinson,1.5973696579101104,11.03125
GBR,qual,VT,United Kingdom,11.95,Ella Robinson,1.5973696579101104,11.03125
GBR,qual,BB,United Kingdom,11.65,Ella Robinson,-0.3030279738435855,11.03125
GBR,qual,FX,United Kingdom,11.15,Ella Robinson,-0.3030279738435855,11.03125
GBR,qual,UB,United Kingdom,10.75,Ella Robinson,-0.3030279738435855,11.03125
GBR,qual,VT,United Kingdom,12.05,Ella Robinson,-0.3030279738435855,11.03125
GBR,qual,BB,United Kingdom,9.05,Lucy Robinson,1.5973696579101104,10.025
GBR,qual,FX,United Kingdom,10.2,Lucy Robinson,1.5973696579101104,10.025
GBR,qual,UB,United Kingdom,9.3,Lucy Robinson,1.5973696579101104,10.025
GBR,qual,VT,United Kingdom,11.55,Lucy Robinson,1.5973696579101104,10.025
GBR,qual,BB,United Kingdom,11.35,Abigail Roper,1.5973696579101104,11.970833333333333
GBR,qual,FX,United Kingdom,11.6,Abigail Roper,1.5973696579101104,11.970833333333333
GBR,qual,UB,United Kingdom,10.85,Abigail Roper,1.5973696579101104,11.970833333333333
GBR,qual,VT,United Kingdom,12.65,Abigail Roper,1.5973696579101104,11.970833333333333
GBR,qual,VT,United Kingdom,12.3,Abigail Roper,1.5973696579101104,11.970833333333333
GBR,qual,BB,United Kingdom,11.7,Abigail Roper,-0.3030279738435855,11.970833333333333
GBR,qual,FX,United Kingdom,11.55,Abigail Roper,-0.3030279738435855,11.970833333333333
GBR,qual,UB,United Kingdom,10.6,Abigail Roper,-0.3030279738435855,11.970833333333333
GBR,final,VT,United Kingdom,12.95,Abigail Roper,-0.3030279738435855,11.970833333333333
GBR,qual,VT,United Kingdom,13.05,Abigail Roper,-0.3030279738435855,11.970833333333333
GBR,final,VT,United Kingdom,12.55,Abigail Roper,-0.3030279738435855,11.970833333333333
GBR,qual,VT,United Kingdom,12.5,Abigail Roper,-0.3030279738435855,11.970833333333333
GBR,qual,BB,United Kingdom,11.2,Emily Roper,1.5973696579101104,12.486666666666668
GBR,qual,FX,United Kingdom,12.35,Emily Roper,1.5973696579101104,12.486666666666668
GBR,qual,UB,United Kingdom,11.4,Emily Roper,1.5973696579101104,12.486666666666668
GBR,final,VT,United Kingdom,13.3,Emily Roper,1.5973696579101104,12.486666666666668
GBR,qual,VT,United Kingdom,13.05,Emily Roper,1.5973696579101104,12.486666666666668
GBR,final,VT,United Kingdom,12.65,Emily Roper,1.5973696579101104,12.486666666666668
GBR,qual,VT,United Kingdom,12.6,Emily Roper,1.5973696579101104,12.486666666666668
GBR,final,BB,United Kingdom,11.85,Emily Roper,-0.3030279738435855,12.486666666666668
GBR,qual,BB,United Kingdom,12.35,Emily Roper,-0.3030279738435855,12.486666666666668
GBR,qual,FX,United Kingdom,12.3,Emily Roper,-0.3030279738435855,12.486666666666668
GBR,qual,UB,United Kingdom,12.1,Emily Roper,-0.3030279738435855,12.486666666666668
GBR,final,VT,United Kingdom,13.45,Emily Roper,-0.3030279738435855,12.486666666666668
GBR,qual,VT,United Kingdom,13.5,Emily Roper,-0.3030279738435855,12.486666666666668
GBR,final,VT,United Kingdom,12.5,Emily Roper,-0.3030279738435855,12.486666666666668
GBR,qual,VT,United Kingdom,12.7,Emily Roper,-0.3030279738435855,12.486666666666668
USA,qual,BB,United States,12.65,Katelyn Rosen,0.8351222561627488,12.84
USA,final,BB,United States,12.4,Katelyn Rosen,0.8351222561627488,12.84
USA,qual,FX,United States,13.55,Katelyn Rosen,0.8351222561627488,12.84
USA,final,FX,United States,11.6,Katelyn Rosen,0.8351222561627488,12.84
USA,qual,UB,United States,13.05,Katelyn Rosen,0.8351222561627488,12.84
USA,final,UB,United States,12.75,Katelyn Rosen,0.8351222561627488,12.84
USA,qual,VT,United States,13.65,Katelyn Rosen,0.8351222561627488,12.84
USA,final,VT,United States,13.4,Katelyn Rosen,0.8351222561627488,12.84
USA,AAfinal,BB,United States,12.15,Katelyn Rosen,0.9395397084569079,12.84
USA,AAfinal,FX,United States,13.7,Katelyn Rosen,0.9395397084569079,12.84
USA,AAfinal,UB,United States,12.8,Katelyn Rosen,0.9395397084569079,12.84
USA,AAfinal,VT,United States,13.85,Katelyn Rosen,0.9395397084569079,12.84
USA,AAfinal,BB,United States,12.3,Katelyn Rosen,1.7435540911219332,12.84
USA,AAfinal,FX,United States,13.0,Katelyn Rosen,1.7435540911219332,12.84
USA,AAfinal,UB,United States,11.6,Katelyn Rosen,1.7435540911219332,12.84
USA,AAfinal,VT,United States,13.6,Katelyn Rosen,1.7435540911219332,12.84
USA,AAfinal,BB,United States,11.9,Katelyn Rosen,-0.15684354063176276,12.84
USA,AAfinal,FX,United States,12.7,Katelyn Rosen,-0.15684354063176276,12.84
USA,AAfinal,UB,United States,12.55,Katelyn Rosen,-0.15684354063176276,12.84
USA,AAfinal,VT,United States,13.6,Katelyn Rosen,-0.15684354063176276,12.84
AUS,qual,BB,Israel,10.633,Emma Ross,-0.6684890568731424,11.566333333333333
AUS,qual,FX,Israel,12.133,Emma Ross,-0.6684890568731424,11.566333333333333
AUS,qual,BB,Bulgaria,12.133,Emma Ross,-0.6319429485701867,11.566333333333333
AUS,final,FX,Bulgaria,12.566,Emma Ross,-0.6319429485701867,11.566333333333333
AUS,qual,FX,Bulgaria,12.7,Emma Ross,-0.6319429485701867,11.566333333333333
AUS,qual,UB,Bulgaria,9.233,Emma Ross,-0.6319429485701867,11.566333333333333
NED,qual,BB,United Kingdom,11.233,Eve Ruiter,0.42789419221552827,12.044333333333334
NED,qual,FX,United Kingdom,11.9,Eve Ruiter,0.42789419221552827,12.044333333333334
NED,qual,VT,United Kingdom,13.0,Eve Ruiter,0.42789419221552827,12.044333333333334
GBR,qual,BB,United Kingdom,11.35,Hayley Rushton,-0.3030279738435855,11.275
GBR,qual,FX,United Kingdom,11.3,Hayley Rushton,-0.3030279738435855,11.275
GBR,qual,UB,United Kingdom,10.8,Hayley Rushton,-0.3030279738435855,11.275
GBR,qual,VT,United Kingdom,11.65,Hayley Rushton,-0.3030279738435855,11.275
GBR,qual,FX,United Kingdom,11.8,Ellie Russell,1.5973696579101104,12.1375
GBR,qual,UB,United Kingdom,11.85,Ellie Russell,1.5973696579101104,12.1375
GBR,qual,VT,United Kingdom,12.7,Ellie Russell,1.5973696579101104,12.1375
GBR,qual,VT,United Kingdom,12.2,Ellie Russell,1.5973696579101104,12.1375
JPN,qual,BB,United Kingdom,13.466,Ayaka Sakaguchi,0.42789419221552827,13.265038461538463
JPN,TeamFinal,BB,United Kingdom,13.0,Ayaka Sakaguchi,0.42789419221552827,13.265038461538463
JPN,qual,FX,United Kingdom,13.066,Ayaka Sakaguchi,0.42789419221552827,13.265038461538463
JPN,TeamFinal,FX,United Kingdom,13.2,Ayaka Sakaguchi,0.42789419221552827,13.265038461538463
JPN,TeamFinal,VT,United Kingdom,14.2,Ayaka Sakaguchi,0.42789419221552827,13.265038461538463
JPN,qual,VT,United Kingdom,14.0,Ayaka Sakaguchi,0.42789419221552827,13.265038461538463
JPN,final,BB,Azerbaijan,13.366,Ayaka Sakaguchi,-0.22993575723767412,13.265038461538463
JPN,qual,BB,Azerbaijan,12.733,Ayaka Sakaguchi,-0.22993575723767412,13.265038461538463
JPN,final,FX,Azerbaijan,12.433,Ayaka Sakaguchi,-0.22993575723767412,13.265038461538463
JPN,qual,FX,Azerbaijan,12.733,Ayaka Sakaguchi,-0.22993575723767412,13.265038461538463
JPN,qual,UB,Azerbaijan,11.4,Ayaka Sakaguchi,-0.22993575723767412,13.265038461538463
JPN,final,BB,China,13.466,Ayaka Sakaguchi,-0.9921831589850356,13.265038461538463
JPN,qual,BB,China,13.666,Ayaka Sakaguchi,-0.9921831589850356,13.265038461538463
JPN,AAfinal,BB,China,13.2,Ayaka Sakaguchi,-0.9921831589850356,13.265038461538463
JPN,final,FX,China,13.332999999999998,Ayaka Sakaguchi,-0.9921831589850356,13.265038461538463
JPN,qual,FX,China,13.266000000000002,Ayaka Sakaguchi,-0.9921831589850356,13.265038461538463
JPN,AAfinal,FX,China,13.066,Ayaka Sakaguchi,-0.9921831589850356,13.265038461538463
JPN,final,UB,China,12.9,Ayaka Sakaguchi,-0.9921831589850356,13.265038461538463
JPN,qual,UB,China,13.2,Ayaka Sakaguchi,-0.9921831589850356,13.265038461538463
JPN,AAfinal,UB,China,13.133,Ayaka Sakaguchi,-0.9921831589850356,13.265038461538463
JPN,AAfinal,VT,China,13.766,Ayaka Sakaguchi,-0.9921831589850356,13.265038461538463
JPN,final,VT,China,13.833,Ayaka Sakaguchi,-0.9921831589850356,13.265038461538463
JPN,qual,VT,China,14.066,Ayaka Sakaguchi,-0.9921831589850356,13.265038461538463
JPN,qual,VT,China,14.066,Ayaka Sakaguchi,-0.9921831589850356,13.265038461538463
JPN,final,VT,China,13.033,Ayaka Sakaguchi,-0.9921831589850356,13.265038461538463
JPN,qual,VT,China,13.3,Ayaka Sakaguchi,-0.9921831589850356,13.265038461538463
FRA,final,BB,France,12.65,Melanie De Jesus Dos Santos,0.6471708420332624,13.340304347826088
FRA,qual,BB,France,13.25,Melanie De Jesus Dos Santos,0.6471708420332624,13.340304347826088
FRA,qual,UB,France,10.9,Melanie De Jesus Dos Santos,0.6471708420332624,13.340304347826088
GBR,qual,BB,United Kingdom,11.45,Sofia Saporita,1.5973696579101104,10.4875
GBR,qual,FX,United Kingdom,9.3,Sofia Saporita,1.5973696579101104,10.4875
GBR,qual,UB,United Kingdom,9.6,Sofia Saporita,1.5973696579101104,10.4875
GBR,qual,VT,United Kingdom,11.6,Sofia Saporita,1.5973696579101104,10.4875
BRA,qual,BB,United Kingdom,12.9,Flavia Saraiva,0.42789419221552827,13.54296875
BRA,qual,FX,United Kingdom,14.2,Flavia Saraiva,0.42789419221552827,13.54296875
BRA,qual,UB,United Kingdom,13.2,Flavia Saraiva,0.42789419221552827,13.54296875
BRA,TeamFinal,UB,United Kingdom,13.666,Flavia Saraiva,0.42789419221552827,13.54296875
BRA,qual,VT,United Kingdom,13.833,Flavia Saraiva,0.42789419221552827,13.54296875
BRA,qual,BB,France,11.6,Flavia Saraiva,0.6471708420332624,13.54296875
BRA,final,FX,France,12.75,Flavia Saraiva,0.6471708420332624,13.54296875
BRA,qual,FX,France,13.8,Flavia Saraiva,0.6471708420332624,13.54296875
BRA,AAfinal,BB,Belgium,14.033,Flavia Saraiva,-1.3263190063263448,13.54296875
BRA,qual,BB,Belgium,13.4,Flavia Saraiva,-1.3263190063263448,13.54296875
BRA,TeamFinal,BB,Belgium,14.066,Flavia Saraiva,-1.3263190063263448,13.54296875
BRA,AAfinal,FX,Belgium,12.2,Flavia Saraiva,-1.3263190063263448,13.54296875
BRA,final,FX,Belgium,13.966,Flavia Saraiva,-1.3263190063263448,13.54296875
BRA,qual,FX,Belgium,13.833,Flavia Saraiva,-1.3263190063263448,13.54296875
BRA,TeamFinal,FX,Belgium,13.9,Flavia Saraiva,-1.3263190063263448,13.54296875
BRA,AAfinal,UB,Belgium,12.633,Flavia Saraiva,-1.3263190063263448,13.54296875
BRA,qual,UB,Belgium,13.6,Flavia Saraiva,-1.3263190063263448,13.54296875
BRA,TeamFinal,UB,Belgium,13.733,Flavia Saraiva,-1.3263190063263448,13.54296875
BRA,AAfinal,VT,Belgium,13.833,Flavia Saraiva,-1.3263190063263448,13.54296875
BRA,TeamFinal,VT,Belgium,13.833,Flavia Saraiva,-1.3263190063263448,13.54296875
BRA,qual,VT,Belgium,13.866,Flavia Saraiva,-1.3263190063263448,13.54296875
BRA,AAfinal,BB,Chile,14.166,Flavia Saraiva,-1.41507384077638,13.54296875
BRA,final,BB,Chile,14.033,Flavia Saraiva,-1.41507384077638,13.54296875
BRA,qual,BB,Chile,13.433,Flavia Saraiva,-1.41507384077638,13.54296875
BRA,AAfinal,FX,Chile,12.9,Flavia Saraiva,-1.41507384077638,13.54296875
BRA,final,FX,Chile,13.733,Flavia Saraiva,-1.41507384077638,13.54296875
BRA,qual,FX,Chile,13.4,Flavia Saraiva,-1.41507384077638,13.54296875
BRA,AAfinal,UB,Chile,13.533,Flavia Saraiva,-1.41507384077638,13.54296875
BRA,final,UB,Chile,13.733,Flavia Saraiva,-1.41507384077638,13.54296875
BRA,qual,UB,Chile,13.633,Flavia Saraiva,-1.41507384077638,13.54296875
BRA,AAfinal,VT,Chile,13.966,Flavia Saraiva,-1.41507384077638,13.54296875
BRA,qual,VT,Chile,14.0,Flavia Saraiva,-1.41507384077638,13.54296875
AUS,qual,FX,Germany,12.15,Kate Sayer,-0.2664818655406298,12.5
AUS,qual,UB,Germany,12.1,Kate Sayer,-0.2664818655406298,12.5
AUS,qual,VT,Germany,13.25,Kate Sayer,-0.2664818655406298,12.5
AUS,qual,BB,United Kingdom,11.966,Breanna Scott,0.42789419221552827,12.355714285714285
AUS,qual,FX,United Kingdom,12.066,Breanna Scott,0.42789419221552827,12.355714285714285
AUS,qual,VT,United Kingdom,13.333,Breanna Scott,0.42789419221552827,12.355714285714285
AUS,qual,BB,Qatar,9.7,Breanna Scott,1.7122288554336853,12.355714285714285
AUS,qual,BB,Belgium,13.6,Breanna Scott,-1.3263190063263448,12.355714285714285
AUS,qual,FX,Belgium,12.633,Breanna Scott,-1.3263190063263448,12.355714285714285
AUS,qual,VT,Belgium,13.1,Breanna Scott,-1.3263190063263448,12.355714285714285
AUS,qual,BB,Azerbaijan,12.666,Breanna Scott,-0.22993575723767412,12.355714285714285
AUS,qual,FX,Azerbaijan,11.5,Breanna Scott,-0.22993575723767412,12.355714285714285
AUS,qual,BB,Qatar,12.333,Breanna Scott,-0.18816877632001047,12.355714285714285
AUS,final,FX,Qatar,12.8,Breanna Scott,-0.18816877632001047,12.355714285714285
AUS,qual,FX,Qatar,12.233,Breanna Scott,-0.18816877632001047,12.355714285714285
AUS,qual,BB,United Kingdom,12.45,Breanna Scott,0.929097963227492,12.355714285714285
AUS,qual,FX,United Kingdom,12.6,Breanna Scott,0.929097963227492,12.355714285714285
FRA,qual,BB,Bulgaria,13.15,Celia Serber,1.5869279126806943,12.7375
FRA,final,BB,Bulgaria,10.95,Celia Serber,1.5869279126806943,12.7375
FRA,qual,UB,Bulgaria,13.5,Celia Serber,1.5869279126806943,12.7375
FRA,final,UB,Bulgaria,13.35,Celia Serber,1.5869279126806943,12.7375
JPN,final,UB,Qatar,13.233,Mikako Serita,-0.18816877632001047,12.728875
JPN,qual,UB,Qatar,13.633,Mikako Serita,-0.18816877632001047,12.728875
JPN,qual,VT,Qatar,12.8,Mikako Serita,-0.18816877632001047,12.728875
JPN,qual,VT,Qatar,11.633,Mikako Serita,-0.18816877632001047,12.728875
JPN,qual,BB,China,12.1,Mikako Serita,-1.2793311527939732,12.728875
JPN,qual,FX,China,10.966,Mikako Serita,-1.2793311527939732,12.728875
JPN,final,UB,China,13.933,Mikako Serita,-1.2793311527939732,12.728875
JPN,qual,UB,China,13.533,Mikako Serita,-1.2793311527939732,12.728875
ROU,final,BB,Croatia,11.8,Silviana Sfiringu,1.1953624665775977,11.970375
ROU,qual,BB,Croatia,12.266,Silviana Sfiringu,1.1953624665775977,11.970375
ROU,qual,UB,Croatia,12.633,Silviana Sfiringu,1.1953624665775977,11.970375
ROU,final,UB,Croatia,12.466,Silviana Sfiringu,1.1953624665775977,11.970375
ROU,qual,BB,Germany,12.533,Silviana Sfiringu,0.8664474918509966,11.970375
ROU,qual,FX,Germany,10.066,Silviana Sfiringu,0.8664474918509966,11.970375
ROU,qual,UB,Germany,11.133,Silviana Sfiringu,0.8664474918509966,11.970375
ROU,qual,VT,Germany,12.866,Silviana Sfiringu,0.8664474918509966,11.970375
CAN,qual,UB,Chile,12.1,Frederique Sgarbossa,-1.41507384077638,12.5665
CAN,qual,VT,Chile,13.033,Frederique Sgarbossa,-1.41507384077638,12.5665
GBR,qual,BB,United Kingdom,10.3,Maggie May Shepherd,-0.3030279738435855,10.775
GBR,qual,FX,United Kingdom,11.3,Maggie May Shepherd,-0.3030279738435855,10.775
GBR,qual,UB,United Kingdom,9.15,Maggie May Shepherd,-0.3030279738435855,10.775
GBR,qual,VT,United Kingdom,12.35,Maggie May Shepherd,-0.3030279738435855,10.775
KOR,qual,UB,United Kingdom,12.8,Solyi Shin,0.42789419221552827,12.83315
KOR,qual,BB,Qatar,12.833,Solyi Shin,1.16403723088935,12.83315
KOR,final,BB,Qatar,12.733,Solyi Shin,1.16403723088935,12.83315
KOR,qual,FX,Qatar,12.767,Solyi Shin,1.16403723088935,12.83315
KOR,qual,UB,Qatar,13.233,Solyi Shin,1.16403723088935,12.83315
KOR,final,UB,Qatar,11.867,Solyi Shin,1.16403723088935,12.83315
KOR,final,BB,Singapore,11.433,Solyi Shin,-0.7415812734790538,12.83315
KOR,qual,BB,Singapore,13.5,Solyi Shin,-0.7415812734790538,12.83315
KOR,qual,FX,Singapore,13.233,Solyi Shin,-0.7415812734790538,12.83315
KOR,final,FX,Singapore,13.066,Solyi Shin,-0.7415812734790538,12.83315
KOR,final,UB,Singapore,13.6,Solyi Shin,-0.7415812734790538,12.83315
KOR,qual,UB,Singapore,13.566,Solyi Shin,-0.7415812734790538,12.83315
KOR,qual,VT,Singapore,13.2,Solyi Shin,-0.7415812734790538,12.83315
KOR,final,VT,Singapore,13.066,Solyi Shin,-0.7415812734790538,12.83315
KOR,final,VT,Singapore,12.666,Solyi Shin,-0.7415812734790538,12.83315
KOR,qual,VT,Singapore,12.5,Solyi Shin,-0.7415812734790538,12.83315
KOR,qual,BB,Belgium,11.8,Solyi Shin,-1.3263190063263448,12.83315
KOR,qual,FX,Belgium,12.5,Solyi Shin,-1.3263190063263448,12.83315
KOR,qual,UB,Belgium,12.8,Solyi Shin,-1.3263190063263448,12.83315
KOR,qual,VT,Belgium,13.5,Solyi Shin,-1.3263190063263448,12.83315
BRA,qual,BB,Germany,11.65,Josiany Silva,-0.2664818655406298,12.2
BRA,qual,UB,Germany,12.75,Josiany Silva,-0.2664818655406298,12.2
BRA,qual,BB,Colombia,12.1,Christal Silva E Bezerra,-0.6319429485701867,12.033333333333333
BRA,qual,UB,Colombia,11.2,Christal Silva E Bezerra,-0.6319429485701867,12.033333333333333
BRA,TeamFinal,VT,Colombia,12.8,Christal Silva E Bezerra,-0.6319429485701867,12.033333333333333
GBR,qual,BB,United Kingdom,10.9,Kelly Simm,1.5973696579101104,12.4625
GBR,final,FX,United Kingdom,12.8,Kelly Simm,1.5973696579101104,12.4625
GBR,qual,FX,United Kingdom,12.95,Kelly Simm,1.5973696579101104,12.4625
GBR,final,UB,United Kingdom,12.55,Kelly Simm,1.5973696579101104,12.4625
GBR,qual,UB,United Kingdom,13.75,Kelly Simm,1.5973696579101104,12.4625
GBR,qual,VT,United Kingdom,12.75,Kelly Simm,1.5973696579101104,12.4625
GBR,qual,BB,Bulgaria,12.55,Kelly Simm,1.5869279126806943,12.4625
GBR,final,BB,Bulgaria,11.75,Kelly Simm,1.5869279126806943,12.4625
GBR,qual,FX,Bulgaria,12.7,Kelly Simm,1.5869279126806943,12.4625
GBR,final,FX,Bulgaria,12.8,Kelly Simm,1.5869279126806943,12.4625
GBR,qual,UB,Bulgaria,12.25,Kelly Simm,1.5869279126806943,12.4625
GBR,qual,UB,United Kingdom,11.8,Kelly Simm,0.929097963227492,12.4625
NED,qual,BB,Bulgaria,11.95,Mara Slippens,1.5869279126806943,12.78
NED,final,VT,Bulgaria,13.25,Mara Slippens,1.5869279126806943,12.78
NED,qual,VT,Bulgaria,13.3,Mara Slippens,1.5869279126806943,12.78
NED,qual,VT,Bulgaria,12.8,Mara Slippens,1.5869279126806943,12.78
NED,final,VT,Bulgaria,12.6,Mara Slippens,1.5869279126806943,12.78
NED,final,FX,Croatia,12.733,Floor Slooff,-0.7050351651760981,12.466214285714285
NED,qual,FX,Croatia,12.866,Floor Slooff,-0.7050351651760981,12.466214285714285
NED,qual,UB,Croatia,12.1,Floor Slooff,-0.7050351651760981,12.466214285714285
NED,qual,VT,Croatia,12.966,Floor Slooff,-0.7050351651760981,12.466214285714285
NED,final,VT,Croatia,13.133,Floor Slooff,-0.7050351651760981,12.466214285714285
NED,qual,VT,Croatia,12.466,Floor Slooff,-0.7050351651760981,12.466214285714285
NED,final,VT,Croatia,12.433,Floor Slooff,-0.7050351651760981,12.466214285714285
NED,final,BB,Bulgaria,11.9,Floor Slooff,-0.6319429485701867,12.466214285714285
NED,qual,BB,Bulgaria,12.566,Floor Slooff,-0.6319429485701867,12.466214285714285
NED,qual,FX,Bulgaria,11.566,Floor Slooff,-0.6319429485701867,12.466214285714285
NED,final,VT,Bulgaria,13.166,Floor Slooff,-0.6319429485701867,12.466214285714285
NED,qual,VT,Bulgaria,12.933,Floor Slooff,-0.6319429485701867,12.466214285714285
NED,final,VT,Bulgaria,11.832999999999998,Floor Slooff,-0.6319429485701867,12.466214285714285
NED,qual,VT,Bulgaria,11.866,Floor Slooff,-0.6319429485701867,12.466214285714285
GBR,qual,BB,United Kingdom,11.3,Lottie Smith,1.5973696579101104,11.975
GBR,qual,UB,United Kingdom,11.7,Lottie Smith,1.5973696579101104,11.975
GBR,qual,VT,United Kingdom,12.85,Lottie Smith,1.5973696579101104,11.975
GBR,qual,BB,United Kingdom,11.9,Lottie Smith,-0.3030279738435855,11.975
GBR,qual,FX,United Kingdom,11.85,Lottie Smith,-0.3030279738435855,11.975
GBR,qual,UB,United Kingdom,11.85,Lottie Smith,-0.3030279738435855,11.975
GBR,qual,VT,United Kingdom,12.75,Lottie Smith,-0.3030279738435855,11.975
GBR,qual,VT,United Kingdom,11.6,Lottie Smith,-0.3030279738435855,11.975
BRA,qual,BB,United Kingdom,12.466,Julia Das Neves Botega Soares,0.42789419221552827,12.795172413793104
BRA,TeamFinal,BB,United Kingdom,12.533,Julia Das Neves Botega Soares,0.42789419221552827,12.795172413793104
BRA,qual,FX,United Kingdom,13.466,Julia Das Neves Botega Soares,0.42789419221552827,12.795172413793104
BRA,TeamFinal,FX,United Kingdom,12.833,Julia Das Neves Botega Soares,0.42789419221552827,12.795172413793104
BRA,qual,BB,Azerbaijan,11.966,Julia Das Neves Botega Soares,1.5608235496071545,12.795172413793104
BRA,final,FX,Azerbaijan,13.433,Julia Das Neves Botega Soares,1.5608235496071545,12.795172413793104
BRA,qual,FX,Azerbaijan,13.233,Julia Das Neves Botega Soares,1.5608235496071545,12.795172413793104
BRA,qual,UB,Azerbaijan,12.0,Julia Das Neves Botega Soares,1.5608235496071545,12.795172413793104
BRA,qual,BB,Belgium,13.2,Julia Das Neves Botega Soares,-1.3263190063263448,12.795172413793104
BRA,TeamFinal,BB,Belgium,12.2,Julia Das Neves Botega Soares,-1.3263190063263448,12.795172413793104
BRA,qual,FX,Belgium,13.2,Julia Das Neves Botega Soares,-1.3263190063263448,12.795172413793104
BRA,TeamFinal,FX,Belgium,13.6,Julia Das Neves Botega Soares,-1.3263190063263448,12.795172413793104
BRA,qual,VT,Belgium,12.866,Julia Das Neves Botega Soares,-1.3263190063263448,12.795172413793104
BRA,final,BB,Germany,12.633,Julia Das Neves Botega Soares,-0.2664818655406298,12.795172413793104
BRA,qual,BB,Germany,13.05,Julia Das Neves Botega Soares,-0.2664818655406298,12.795172413793104
BRA,final,FX,Germany,13.3,Julia Das Neves Botega Soares,-0.2664818655406298,12.795172413793104
BRA,qual,FX,Germany,12.75,Julia Das Neves Botega Soares,-0.2664818655406298,12.795172413793104
BRA,qual,UB,Germany,12.05,Julia Das Neves Botega Soares,-0.2664818655406298,12.795172413793104
BRA,qual,VT,Germany,12.75,Julia Das Neves Botega Soares,-0.2664818655406298,12.795172413793104
BRA,qual,BB,Chile,12.666,Julia Das Neves Botega Soares,-1.41507384077638,12.795172413793104
BRA,final,FX,Chile,13.633,Julia Das Neves Botega Soares,-1.41507384077638,12.795172413793104
BRA,qual,FX,Chile,13.4,Julia Das Neves Botega Soares,-1.41507384077638,12.795172413793104
JPN,qual,FX,Qatar,11.833,Shizuku Sonezaki,-0.18816877632001047,12.222
JPN,qual,VT,Qatar,13.0,Shizuku Sonezaki,-0.18816877632001047,12.222
JPN,qual,VT,Qatar,11.833,Shizuku Sonezaki,-0.18816877632001047,12.222
GBR,qual,BB,United Kingdom,9.5,Lara Speers,-0.3030279738435855,10.9125
GBR,qual,FX,United Kingdom,10.85,Lara Speers,-0.3030279738435855,10.9125
GBR,qual,UB,United Kingdom,10.8,Lara Speers,-0.3030279738435855,10.9125
GBR,qual,VT,United Kingdom,12.5,Lara Speers,-0.3030279738435855,10.9125
CAN,qual,BB,United Kingdom,12.533,Emma Spence,0.42789419221552827,12.908571428571427
CAN,TeamFinal,BB,United Kingdom,12.233,Emma Spence,0.42789419221552827,12.908571428571427
CAN,qual,UB,United Kingdom,12.8,Emma Spence,0.42789419221552827,12.908571428571427
CAN,TeamFinal,UB,United Kingdom,12.433,Emma Spence,0.42789419221552827,12.908571428571427
CAN,TeamFinal,VT,United Kingdom,13.633,Emma Spence,0.42789419221552827,12.908571428571427
CAN,qual,VT,United Kingdom,13.633,Emma Spence,0.42789419221552827,12.908571428571427
CAN,AAfinal,BB,United Kingdom,13.05,Emma Spence,0.929097963227492,12.908571428571427
CAN,final,BB,United Kingdom,13.066,Emma Spence,0.929097963227492,12.908571428571427
CAN,qual,BB,United Kingdom,12.15,Emma Spence,0.929097963227492,12.908571428571427
CAN,AAfinal,FX,United Kingdom,12.8,Emma Spence,0.929097963227492,12.908571428571427
CAN,final,FX,United Kingdom,12.966,Emma Spence,0.929097963227492,12.908571428571427
CAN,qual,FX,United Kingdom,12.75,Emma Spence,0.929097963227492,12.908571428571427
CAN,AAfinal,UB,United Kingdom,12.95,Emma Spence,0.929097963227492,12.908571428571427
CAN,final,UB,United Kingdom,12.733,Emma Spence,0.929097963227492,12.908571428571427
CAN,qual,UB,United Kingdom,12.55,Emma Spence,0.929097963227492,12.908571428571427
CAN,AAfinal,VT,United Kingdom,13.55,Emma Spence,0.929097963227492,12.908571428571427
CAN,qual,VT,United Kingdom,13.4,Emma Spence,0.929097963227492,12.908571428571427
CAN,final,VT,United Kingdom,13.5,Emma Spence,0.929097963227492,12.908571428571427
CAN,qual,VT,United Kingdom,13.4,Emma Spence,0.929097963227492,12.908571428571427
CAN,final,VT,United Kingdom,12.6,Emma Spence,0.929097963227492,12.908571428571427
CAN,qual,VT,United Kingdom,12.35,Emma Spence,0.929097963227492,12.908571428571427
GBR,qual,BB,Slovenia,11.4,Ruby Stacey,1.158816358274642,12.089058823529413
GBR,qual,UB,Slovenia,13.0,Ruby Stacey,1.158816358274642,12.089058823529413
GBR,final,UB,Slovenia,13.35,Ruby Stacey,1.158816358274642,12.089058823529413
GBR,qual,BB,Turkey,9.7,Ruby Stacey,0.574078625427351,12.089058823529413
GBR,final,FX,Turkey,12.3,Ruby Stacey,0.574078625427351,12.089058823529413
GBR,qual,FX,Turkey,11.5,Ruby Stacey,0.574078625427351,12.089058823529413
GBR,qual,UB,Turkey,11.95,Ruby Stacey,0.574078625427351,12.089058823529413
GBR,qual,UB,United Kingdom,12.25,Ruby Stacey,-0.3030279738435855,12.089058823529413
GBR,qual,VT,United Kingdom,13.1,Ruby Stacey,-0.3030279738435855,12.089058823529413
GBR,qual,BB,Qatar,12.3,Ruby Stacey,-0.18816877632001047,12.089058823529413
GBR,final,FX,Qatar,12.233,Ruby Stacey,-0.18816877632001047,12.089058823529413
GBR,qual,FX,Qatar,12.366,Ruby Stacey,-0.18816877632001047,12.089058823529413
GBR,qual,UB,Qatar,10.733,Ruby Stacey,-0.18816877632001047,12.089058823529413
GBR,final,VT,Qatar,12.166,Ruby Stacey,-0.18816877632001047,12.089058823529413
GBR,qual,VT,Qatar,13.133,Ruby Stacey,-0.18816877632001047,12.089058823529413
GBR,final,VT,Qatar,12.0,Ruby Stacey,-0.18816877632001047,12.089058823529413
GBR,qual,VT,Qatar,12.033,Ruby Stacey,-0.18816877632001047,12.089058823529413
ROU,qual,BB,Azerbaijan,13.133,Ioana Stanciulescu,1.5608235496071545,12.635538461538461
ROU,final,BB,Azerbaijan,12.033,Ioana Stanciulescu,1.5608235496071545,12.635538461538461
ROU,qual,FX,Azerbaijan,11.433,Ioana Stanciulescu,1.5608235496071545,12.635538461538461
ROU,final,UB,Azerbaijan,12.166,Ioana Stanciulescu,1.5608235496071545,12.635538461538461
ROU,qual,UB,Azerbaijan,13.266,Ioana Stanciulescu,1.5608235496071545,12.635538461538461
ROU,final,VT,Azerbaijan,12.966,Ioana Stanciulescu,1.5608235496071545,12.635538461538461
ROU,qual,VT,Azerbaijan,12.966,Ioana Stanciulescu,1.5608235496071545,12.635538461538461
ROU,final,VT,Azerbaijan,12.433,Ioana Stanciulescu,1.5608235496071545,12.635538461538461
ROU,qual,VT,Azerbaijan,12.566,Ioana Stanciulescu,1.5608235496071545,12.635538461538461
ROU,qual,BB,Bulgaria,12.95,Ioana Stanciulescu,1.5869279126806943,12.635538461538461
ROU,final,BB,Bulgaria,12.2,Ioana Stanciulescu,1.5869279126806943,12.635538461538461
ROU,qual,UB,Bulgaria,13.25,Ioana Stanciulescu,1.5869279126806943,12.635538461538461
ROU,final,UB,Bulgaria,12.9,Ioana Stanciulescu,1.5869279126806943,12.635538461538461
CAN,qual,FX,Belgium,12.733,Ava Stewart,-1.3263190063263448,12.791
CAN,qual,UB,Belgium,12.8,Ava Stewart,-1.3263190063263448,12.791
CAN,qual,VT,Belgium,13.466,Ava Stewart,-1.3263190063263448,12.791
CAN,qual,BB,Egypt,10.166,Ava Stewart,-0.48575851535836395,12.791
CAN,qual,FX,Egypt,12.1,Ava Stewart,-0.48575851535836395,12.791
CAN,final,UB,Egypt,12.933,Ava Stewart,-0.48575851535836395,12.791
CAN,qual,UB,Egypt,13.033,Ava Stewart,-0.48575851535836395,12.791
CAN,qual,VT,Egypt,13.3,Ava Stewart,-0.48575851535836395,12.791
CAN,qual,VT,Egypt,11.0,Ava Stewart,-0.48575851535836395,12.791
CAN,qual,UB,Germany,12.4,Ava Stewart,-0.2664818655406298,12.791
CAN,qual,VT,Germany,13.35,Ava Stewart,-0.2664818655406298,12.791
CAN,AAfinal,BB,Chile,13.266,Ava Stewart,-1.41507384077638,12.791
CAN,final,BB,Chile,13.9,Ava Stewart,-1.41507384077638,12.791
CAN,qual,BB,Chile,13.666,Ava Stewart,-1.41507384077638,12.791
CAN,AAfinal,FX,Chile,12.466,Ava Stewart,-1.41507384077638,12.791
CAN,qual,FX,Chile,12.466,Ava Stewart,-1.41507384077638,12.791
CAN,AAfinal,UB,Chile,13.433,Ava Stewart,-1.41507384077638,12.791
CAN,final,UB,Chile,13.1,Ava Stewart,-1.41507384077638,12.791
CAN,qual,UB,Chile,12.4,Ava Stewart,-1.41507384077638,12.791
CAN,AAfinal,VT,Chile,13.333,Ava Stewart,-1.41507384077638,12.791
CAN,qual,VT,Chile,13.3,Ava Stewart,-1.41507384077638,12.791
GBR,qual,BB,Slovenia,10.9,Poppy Grace Stickler,1.158816358274642,12.356911111111112
GBR,final,FX,Slovenia,12.75,Poppy Grace Stickler,1.158816358274642,12.356911111111112
GBR,qual,FX,Slovenia,13.0,Poppy Grace Stickler,1.158816358274642,12.356911111111112
GBR,qual,UB,Slovenia,12.45,Poppy Grace Stickler,1.158816358274642,12.356911111111112
GBR,qual,BB,France,12.35,Poppy Grace Stickler,0.6471708420332624,12.356911111111112
GBR,qual,FX,France,12.6,Poppy Grace Stickler,0.6471708420332624,12.356911111111112
GBR,final,FX,France,12.65,Poppy Grace Stickler,0.6471708420332624,12.356911111111112
GBR,qual,UB,France,10.55,Poppy Grace Stickler,0.6471708420332624,12.356911111111112
GBR,qual,VT,France,12.75,Poppy Grace Stickler,0.6471708420332624,12.356911111111112
GBR,qual,VT,France,10.25,Poppy Grace Stickler,0.6471708420332624,12.356911111111112
GBR,qual,BB,Croatia,12.633,Poppy Grace Stickler,-0.7050351651760981,12.356911111111112
GBR,final,BB,Croatia,12.6,Poppy Grace Stickler,-0.7050351651760981,12.356911111111112
GBR,qual,FX,Croatia,11.9,Poppy Grace Stickler,-0.7050351651760981,12.356911111111112
GBR,final,UB,Croatia,11.033,Poppy Grace Stickler,-0.7050351651760981,12.356911111111112
GBR,qual,UB,Croatia,13.233,Poppy Grace Stickler,-0.7050351651760981,12.356911111111112
GBR,final,VT,Croatia,13.166,Poppy Grace Stickler,-0.7050351651760981,12.356911111111112
GBR,qual,VT,Croatia,13.0,Poppy Grace Stickler,-0.7050351651760981,12.356911111111112
GBR,final,VT,Croatia,12.8,Poppy Grace Stickler,-0.7050351651760981,12.356911111111112
GBR,qual,VT,Croatia,12.566,Poppy Grace Stickler,-0.7050351651760981,12.356911111111112
GBR,qual,BB,United Kingdom,11.7,Poppy Grace Stickler,1.5973696579101104,12.356911111111112
GBR,final,FX,United Kingdom,13.4,Poppy Grace Stickler,1.5973696579101104,12.356911111111112
GBR,qual,FX,United Kingdom,12.75,Poppy Grace Stickler,1.5973696579101104,12.356911111111112
GBR,qual,UB,United Kingdom,11.55,Poppy Grace Stickler,1.5973696579101104,12.356911111111112
GBR,qual,VT,United Kingdom,13.0,Poppy Grace Stickler,1.5973696579101104,12.356911111111112
GBR,final,BB,United Kingdom,12.35,Poppy Grace Stickler,-0.3030279738435855,12.356911111111112
GBR,qual,BB,United Kingdom,12.65,Poppy Grace Stickler,-0.3030279738435855,12.356911111111112
GBR,final,FX,United Kingdom,13.75,Poppy Grace Stickler,-0.3030279738435855,12.356911111111112
GBR,qual,FX,United Kingdom,13.4,Poppy Grace Stickler,-0.3030279738435855,12.356911111111112
GBR,qual,UB,United Kingdom,11.85,Poppy Grace Stickler,-0.3030279738435855,12.356911111111112
GBR,qual,VT,United Kingdom,13.15,Poppy Grace Stickler,-0.3030279738435855,12.356911111111112
GBR,qual,BB,Germany,11.566,Poppy Grace Stickler,-0.15684354063176276,12.356911111111112
GBR,final,FX,Germany,12.5,Poppy Grace Stickler,-0.15684354063176276,12.356911111111112
GBR,qual,FX,Germany,13.066,Poppy Grace Stickler,-0.15684354063176276,12.356911111111112
GBR,qual,UB,Germany,9.766,Poppy Grace Stickler,-0.15684354063176276,12.356911111111112
GBR,qual,VT,Germany,13.366,Poppy Grace Stickler,-0.15684354063176276,12.356911111111112
GBR,qual,VT,Germany,10.9,Poppy Grace Stickler,-0.15684354063176276,12.356911111111112
GBR,AAfinal,BB,United Kingdom,12.15,Poppy Grace Stickler,0.929097963227492,12.356911111111112
GBR,qual,BB,United Kingdom,12.45,Poppy Grace Stickler,0.929097963227492,12.356911111111112
GBR,AAfinal,FX,United Kingdom,12.5,Poppy Grace Stickler,0.929097963227492,12.356911111111112
GBR,final,FX,United Kingdom,12.566,Poppy Grace Stickler,0.929097963227492,12.356911111111112
GBR,qual,FX,United Kingdom,12.7,Poppy Grace Stickler,0.929097963227492,12.356911111111112
GBR,AAfinal,UB,United Kingdom,12.7,Poppy Grace Stickler,0.929097963227492,12.356911111111112
GBR,qual,UB,United Kingdom,11.25,Poppy Grace Stickler,0.929097963227492,12.356911111111112
GBR,AAfinal,VT,United Kingdom,12.85,Poppy Grace Stickler,0.929097963227492,12.356911111111112
GBR,qual,VT,United Kingdom,13.0,Poppy Grace Stickler,0.929097963227492,12.356911111111112
GBR,qual,BB,United Kingdom,8.7,Elisha Stott,1.5973696579101104,9.6625
GBR,qual,FX,United Kingdom,10.6,Elisha Stott,1.5973696579101104,9.6625
GBR,qual,UB,United Kingdom,8.75,Elisha Stott,1.5973696579101104,9.6625
GBR,qual,VT,United Kingdom,10.6,Elisha Stott,1.5973696579101104,9.6625
USA,AAfinal,BB,United States,13.5,Ashlee Sullivan,1.7435540911219332,12.90952380952381
USA,AAfinal,FX,United States,12.85,Ashlee Sullivan,1.7435540911219332,12.90952380952381
USA,AAfinal,UB,United States,12.6,Ashlee Sullivan,1.7435540911219332,12.90952380952381
USA,AAfinal,VT,United States,13.9,Ashlee Sullivan,1.7435540911219332,12.90952380952381
USA,qual,BB,United States,12.2,Ashlee Sullivan,-1.1070423565086107,12.90952380952381
USA,final,BB,United States,12.85,Ashlee Sullivan,-1.1070423565086107,12.90952380952381
USA,qual,FX,United States,13.1,Ashlee Sullivan,-1.1070423565086107,12.90952380952381
USA,final,FX,United States,13.35,Ashlee Sullivan,-1.1070423565086107,12.90952380952381
USA,qual,UB,United States,12.95,Ashlee Sullivan,-1.1070423565086107,12.90952380952381
USA,final,UB,United States,9.95,Ashlee Sullivan,-1.1070423565086107,12.90952380952381
USA,qual,VT,United States,13.2,Ashlee Sullivan,-1.1070423565086107,12.90952380952381
USA,final,VT,United States,13.4,Ashlee Sullivan,-1.1070423565086107,12.90952380952381
USA,AAfinal,BB,United States,13.2,Ashlee Sullivan,-0.15684354063176276,12.90952380952381
USA,AAfinal,FX,United States,13.35,Ashlee Sullivan,-0.15684354063176276,12.90952380952381
USA,AAfinal,UB,United States,12.6,Ashlee Sullivan,-0.15684354063176276,12.90952380952381
USA,AAfinal,VT,United States,13.6,Ashlee Sullivan,-0.15684354063176276,12.90952380952381
USA,final,BB,Germany,12.4,Ashlee Sullivan,-0.2664818655406298,12.90952380952381
USA,qual,BB,Germany,13.8,Ashlee Sullivan,-0.2664818655406298,12.90952380952381
USA,qual,FX,Germany,12.65,Ashlee Sullivan,-0.2664818655406298,12.90952380952381
USA,qual,UB,Germany,12.55,Ashlee Sullivan,-0.2664818655406298,12.90952380952381
USA,qual,VT,Germany,13.1,Ashlee Sullivan,-0.2664818655406298,12.90952380952381
USA,TeamFinal,BB,Colombia,13.967,Tiana Sumanasekera,-0.6319429485701867,13.29464
USA,qual,BB,Colombia,13.767,Tiana Sumanasekera,-0.6319429485701867,13.29464
USA,TeamFinal,FX,Colombia,13.7,Tiana Sumanasekera,-0.6319429485701867,13.29464
USA,qual,FX,Colombia,13.567,Tiana Sumanasekera,-0.6319429485701867,13.29464
USA,qual,UB,Colombia,12.633,Tiana Sumanasekera,-0.6319429485701867,13.29464
USA,TeamFinal,VT,Colombia,14.233,Tiana Sumanasekera,-0.6319429485701867,13.29464
USA,qual,VT,Colombia,13.933,Tiana Sumanasekera,-0.6319429485701867,13.29464
USA,AAfinal,BB,United States,13.5,Tiana Sumanasekera,-0.9974040315997436,13.29464
USA,AAfinal,FX,United States,12.9,Tiana Sumanasekera,-0.9974040315997436,13.29464
USA,AAfinal,UB,United States,11.55,Tiana Sumanasekera,-0.9974040315997436,13.29464
USA,AAfinal,VT,United States,14.15,Tiana Sumanasekera,-0.9974040315997436,13.29464
USA,qual,BB,United States,13.85,Tiana Sumanasekera,-1.1070423565086107,13.29464
USA,final,BB,United States,13.3,Tiana Sumanasekera,-1.1070423565086107,13.29464
USA,qual,FX,United States,13.15,Tiana Sumanasekera,-1.1070423565086107,13.29464
USA,final,FX,United States,12.95,Tiana Sumanasekera,-1.1070423565086107,13.29464
USA,qual,UB,United States,11.55,Tiana Sumanasekera,-1.1070423565086107,13.29464
USA,final,UB,United States,12.8,Tiana Sumanasekera,-1.1070423565086107,13.29464
USA,qual,VT,United States,14.2,Tiana Sumanasekera,-1.1070423565086107,13.29464
USA,final,VT,United States,14.1,Tiana Sumanasekera,-1.1070423565086107,13.29464
USA,AAfinal,BB,United States,12.6,Tiana Sumanasekera,-0.15684354063176276,13.29464
USA,AAfinal,UB,United States,12.9,Tiana Sumanasekera,-0.15684354063176276,13.29464
USA,qual,BB,Chile,13.066,Tiana Sumanasekera,-1.41507384077638,13.29464
USA,qual,FX,Chile,13.0,Tiana Sumanasekera,-1.41507384077638,13.29464
USA,qual,UB,Chile,12.9,Tiana Sumanasekera,-1.41507384077638,13.29464
USA,qual,VT,Chile,14.1,Tiana Sumanasekera,-1.41507384077638,13.29464
CHN,qual,BB,Qatar,14.1,Xinyi Sun,1.16403723088935,13.55
CHN,qual,FX,Qatar,13.0,Xinyi Sun,1.16403723088935,13.55
GBR,qual,BB,United Kingdom,9.95,Jamie Leigh Surtees,1.5973696579101104,10.483333333333333
GBR,qual,UB,United Kingdom,9.75,Jamie Leigh Surtees,1.5973696579101104,10.483333333333333
GBR,qual,VT,United Kingdom,11.75,Jamie Leigh Surtees,1.5973696579101104,10.483333333333333
CHN,qual,BB,United Kingdom,12.466,Xijing Tang,0.42789419221552827,13.188
CHN,TeamFinal,BB,United Kingdom,10.7,Xijing Tang,0.42789419221552827,13.188
CHN,qual,FX,United Kingdom,13.066,Xijing Tang,0.42789419221552827,13.188
CHN,TeamFinal,FX,United Kingdom,12.166,Xijing Tang,0.42789419221552827,13.188
CHN,qual,UB,United Kingdom,14.333,Xijing Tang,0.42789419221552827,13.188
CHN,TeamFinal,UB,United Kingdom,12.833,Xijing Tang,0.42789419221552827,13.188
CHN,TeamFinal,VT,United Kingdom,13.133,Xijing Tang,0.42789419221552827,13.188
CHN,qual,VT,United Kingdom,13.0,Xijing Tang,0.42789419221552827,13.188
CHN,qual,BB,Qatar,12.967,Xijing Tang,1.16403723088935,13.188
CHN,qual,FX,Qatar,13.467,Xijing Tang,1.16403723088935,13.188
CHN,final,UB,Qatar,14.7,Xijing Tang,1.16403723088935,13.188
CHN,qual,UB,Qatar,14.5,Xijing Tang,1.16403723088935,13.188
CHN,final,BB,China,13.733,Xijing Tang,-1.2793311527939732,13.188
CHN,qual,BB,China,12.833,Xijing Tang,-1.2793311527939732,13.188
CHN,qual,FX,China,12.933,Xijing Tang,-1.2793311527939732,13.188
CHN,final,UB,China,12.9,Xijing Tang,-1.2793311527939732,13.188
CHN,qual,UB,China,14.466,Xijing Tang,-1.2793311527939732,13.188
GBR,qual,BB,United Kingdom,9.3,Keira Thornton,1.5973696579101104,12.236666666666668
GBR,qual,FX,United Kingdom,12.15,Keira Thornton,1.5973696579101104,12.236666666666668
GBR,qual,UB,United Kingdom,11.85,Keira Thornton,1.5973696579101104,12.236666666666668
GBR,final,VT,United Kingdom,12.75,Keira Thornton,1.5973696579101104,12.236666666666668
GBR,qual,VT,United Kingdom,12.8,Keira Thornton,1.5973696579101104,12.236666666666668
GBR,final,VT,United Kingdom,12.6,Keira Thornton,1.5973696579101104,12.236666666666668
GBR,qual,VT,United Kingdom,12.7,Keira Thornton,1.5973696579101104,12.236666666666668
GBR,final,BB,United Kingdom,12.2,Keira Thornton,-0.3030279738435855,12.236666666666668
GBR,qual,BB,United Kingdom,12.3,Keira Thornton,-0.3030279738435855,12.236666666666668
GBR,qual,FX,United Kingdom,11.35,Keira Thornton,-0.3030279738435855,12.236666666666668
GBR,qual,UB,United Kingdom,11.9,Keira Thornton,-0.3030279738435855,12.236666666666668
GBR,final,VT,United Kingdom,13.4,Keira Thornton,-0.3030279738435855,12.236666666666668
GBR,qual,VT,United Kingdom,13.3,Keira Thornton,-0.3030279738435855,12.236666666666668
GBR,final,VT,United Kingdom,12.55,Keira Thornton,-0.3030279738435855,12.236666666666668
GBR,qual,VT,United Kingdom,12.4,Keira Thornton,-0.3030279738435855,12.236666666666668
NED,qual,BB,United Kingdom,11.666,Eythora Thorsdottir,0.42789419221552827,13.187785714285713
NED,qual,FX,United Kingdom,12.466,Eythora Thorsdottir,0.42789419221552827,13.187785714285713
NED,qual,UB,United Kingdom,13.833,Eythora Thorsdottir,0.42789419221552827,13.187785714285713
NED,qual,VT,United Kingdom,13.8,Eythora Thorsdottir,0.42789419221552827,13.187785714285713
NED,AAfinal,BB,Belgium,13.566,Eythora Thorsdottir,-1.3263190063263448,13.187785714285713
NED,qual,BB,Belgium,12.133,Eythora Thorsdottir,-1.3263190063263448,13.187785714285713
NED,TeamFinal,BB,Belgium,13.633,Eythora Thorsdottir,-1.3263190063263448,13.187785714285713
NED,AAfinal,FX,Belgium,13.266,Eythora Thorsdottir,-1.3263190063263448,13.187785714285713
NED,qual,FX,Belgium,12.9,Eythora Thorsdottir,-1.3263190063263448,13.187785714285713
NED,TeamFinal,FX,Belgium,13.3,Eythora Thorsdottir,-1.3263190063263448,13.187785714285713
NED,AAfinal,UB,Belgium,13.433,Eythora Thorsdottir,-1.3263190063263448,13.187785714285713
NED,qual,UB,Belgium,13.266,Eythora Thorsdottir,-1.3263190063263448,13.187785714285713
NED,TeamFinal,UB,Belgium,13.266,Eythora Thorsdottir,-1.3263190063263448,13.187785714285713
NED,AAfinal,VT,Belgium,13.833,Eythora Thorsdottir,-1.3263190063263448,13.187785714285713
NED,TeamFinal,VT,Belgium,13.7,Eythora Thorsdottir,-1.3263190063263448,13.187785714285713
NED,qual,VT,Belgium,13.9,Eythora Thorsdottir,-1.3263190063263448,13.187785714285713
NED,final,UB,Azerbaijan,13.566,Eythora Thorsdottir,-0.22993575723767412,13.187785714285713
NED,qual,UB,Azerbaijan,13.533,Eythora Thorsdottir,-0.22993575723767412,13.187785714285713
NED,qual,VT,Azerbaijan,13.733,Eythora Thorsdottir,-0.22993575723767412,13.187785714285713
NED,qual,VT,Azerbaijan,11.733,Eythora Thorsdottir,-0.22993575723767412,13.187785714285713
NED,AAfinal,BB,Turkey,12.9,Eythora Thorsdottir,-0.4126662987524526,13.187785714285713
NED,qual,BB,Turkey,12.0,Eythora Thorsdottir,-0.4126662987524526,13.187785714285713
NED,AAfinal,FX,Turkey,12.7,Eythora Thorsdottir,-0.4126662987524526,13.187785714285713
NED,qual,FX,Turkey,12.6,Eythora Thorsdottir,-0.4126662987524526,13.187785714285713
NED,AAfinal,UB,Turkey,13.2,Eythora Thorsdottir,-0.4126662987524526,13.187785714285713
NED,qual,UB,Turkey,13.533,Eythora Thorsdottir,-0.4126662987524526,13.187785714285713
NED,AAfinal,VT,Turkey,13.933,Eythora Thorsdottir,-0.4126662987524526,13.187785714285713
NED,qual,VT,Turkey,13.866,Eythora Thorsdottir,-0.4126662987524526,13.187785714285713
GBR,qual,BB,United Kingdom,10.45,Emily Todd,1.5973696579101104,12.014999999999999
GBR,qual,FX,United Kingdom,12.15,Emily Todd,1.5973696579101104,12.014999999999999
GBR,final,UB,United Kingdom,12.25,Emily Todd,1.5973696579101104,12.014999999999999
GBR,qual,UB,United Kingdom,12.5,Emily Todd,1.5973696579101104,12.014999999999999
GBR,qual,VT,United Kingdom,12.65,Emily Todd,1.5973696579101104,12.014999999999999
GBR,qual,BB,United Kingdom,11.45,Emily Todd,-0.3030279738435855,12.014999999999999
GBR,qual,FX,United Kingdom,10.6,Emily Todd,-0.3030279738435855,12.014999999999999
GBR,final,UB,United Kingdom,12.7,Emily Todd,-0.3030279738435855,12.014999999999999
GBR,qual,UB,United Kingdom,12.7,Emily Todd,-0.3030279738435855,12.014999999999999
GBR,qual,VT,United Kingdom,12.7,Emily Todd,-0.3030279738435855,12.014999999999999
USA,AAfinal,BB,United States,9.2,Brynn Torry,-0.15684354063176276,12.0625
USA,AAfinal,FX,United States,11.85,Brynn Torry,-0.15684354063176276,12.0625
USA,AAfinal,UB,United States,13.1,Brynn Torry,-0.15684354063176276,12.0625
USA,AAfinal,VT,United States,14.1,Brynn Torry,-0.15684354063176276,12.0625
CAN,qual,BB,Belgium,11.933,Aurelie Tran,-1.3263190063263448,12.824214285714286
CAN,qual,FX,Belgium,12.6,Aurelie Tran,-1.3263190063263448,12.824214285714286
CAN,qual,UB,Belgium,13.133,Aurelie Tran,-1.3263190063263448,12.824214285714286
CAN,qual,VT,Belgium,13.233,Aurelie Tran,-1.3263190063263448,12.824214285714286
CAN,TeamFinal,BB,Colombia,11.533,Aurelie Tran,-0.6319429485701867,12.824214285714286
CAN,qual,BB,Colombia,13.167,Aurelie Tran,-0.6319429485701867,12.824214285714286
CAN,TeamFinal,FX,Colombia,13.133,Aurelie Tran,-0.6319429485701867,12.824214285714286
CAN,qual,FX,Colombia,13.033,Aurelie Tran,-0.6319429485701867,12.824214285714286
CAN,TeamFinal,UB,Colombia,12.967,Aurelie Tran,-0.6319429485701867,12.824214285714286
CAN,qual,UB,Colombia,13.567,Aurelie Tran,-0.6319429485701867,12.824214285714286
CAN,TeamFinal,VT,Colombia,13.4,Aurelie Tran,-0.6319429485701867,12.824214285714286
CAN,qual,VT,Colombia,13.1,Aurelie Tran,-0.6319429485701867,12.824214285714286
CAN,qual,BB,Germany,11.8,Aurelie Tran,-0.2664818655406298,12.824214285714286
CAN,final,FX,Germany,12.833,Aurelie Tran,-0.2664818655406298,12.824214285714286
CAN,qual,FX,Germany,12.8,Aurelie Tran,-0.2664818655406298,12.824214285714286
CAN,qual,UB,Germany,12.35,Aurelie Tran,-0.2664818655406298,12.824214285714286
CAN,qual,VT,Germany,13.5,Aurelie Tran,-0.2664818655406298,12.824214285714286
CAN,AAfinal,BB,Chile,12.666,Aurelie Tran,-1.41507384077638,12.824214285714286
CAN,final,BB,Chile,12.133,Aurelie Tran,-1.41507384077638,12.824214285714286
CAN,qual,BB,Chile,12.866,Aurelie Tran,-1.41507384077638,12.824214285714286
CAN,AAfinal,FX,Chile,12.9,Aurelie Tran,-1.41507384077638,12.824214285714286
CAN,final,FX,Chile,13.166,Aurelie Tran,-1.41507384077638,12.824214285714286
CAN,qual,FX,Chile,12.666,Aurelie Tran,-1.41507384077638,12.824214285714286
CAN,AAfinal,UB,Chile,11.766,Aurelie Tran,-1.41507384077638,12.824214285714286
CAN,final,UB,Chile,13.1,Aurelie Tran,-1.41507384077638,12.824214285714286
CAN,qual,UB,Chile,13.4,Aurelie Tran,-1.41507384077638,12.824214285714286
CAN,AAfinal,VT,Chile,13.133,Aurelie Tran,-1.41507384077638,12.824214285714286
CAN,qual,VT,Chile,13.2,Aurelie Tran,-1.41507384077638,12.824214285714286
GBR,qual,BB,United Kingdom,7.95,Lily Tranfield,1.5973696579101104,8.75
GBR,qual,FX,United Kingdom,9.55,Lily Tranfield,1.5973696579101104,8.75
CAN,qual,BB,United Kingdom,12.866,Sydney Leslie Turner,0.42789419221552827,12.769413793103448
CAN,TeamFinal,BB,United Kingdom,13.566,Sydney Leslie Turner,0.42789419221552827,12.769413793103448
CAN,qual,FX,United Kingdom,13.3,Sydney Leslie Turner,0.42789419221552827,12.769413793103448
CAN,TeamFinal,FX,United Kingdom,13.1,Sydney Leslie Turner,0.42789419221552827,12.769413793103448
CAN,qual,UB,United Kingdom,13.166,Sydney Leslie Turner,0.42789419221552827,12.769413793103448
CAN,TeamFinal,UB,United Kingdom,13.633,Sydney Leslie Turner,0.42789419221552827,12.769413793103448
CAN,qual,BB,Hungary,13.4,Sydney Leslie Turner,0.6106247337303067,12.769413793103448
CAN,final,BB,Hungary,12.833,Sydney Leslie Turner,0.6106247337303067,12.769413793103448
CAN,qual,FX,Hungary,12.7,Sydney Leslie Turner,0.6106247337303067,12.769413793103448
CAN,final,FX,Hungary,12.9,Sydney Leslie Turner,0.6106247337303067,12.769413793103448
CAN,qual,UB,Hungary,12.9,Sydney Leslie Turner,0.6106247337303067,12.769413793103448
CAN,final,UB,Hungary,13.666,Sydney Leslie Turner,0.6106247337303067,12.769413793103448
CAN,qual,BB,Germany,12.45,Sydney Leslie Turner,-0.2664818655406298,12.769413793103448
CAN,qual,FX,Germany,12.25,Sydney Leslie Turner,-0.2664818655406298,12.769413793103448
CAN,qual,UB,Germany,12.1,Sydney Leslie Turner,-0.2664818655406298,12.769413793103448
CAN,qual,VT,Germany,12.85,Sydney Leslie Turner,-0.2664818655406298,12.769413793103448
CAN,qual,BB,Chile,12.633,Sydney Leslie Turner,-1.41507384077638,12.769413793103448
CAN,final,FX,Chile,12.5,Sydney Leslie Turner,-1.41507384077638,12.769413793103448
CAN,qual,FX,Chile,12.5,Sydney Leslie Turner,-1.41507384077638,12.769413793103448
CAN,qual,UB,Chile,11.0,Sydney Leslie Turner,-1.41507384077638,12.769413793103448
CAN,qual,VT,Chile,12.966,Sydney Leslie Turner,-1.41507384077638,12.769413793103448
CAN,TeamFinal,BB,Colombia,13.033,Sydney Leslie Turner,-0.6319429485701867,12.769413793103448
CAN,qual,BB,Colombia,11.367,Sydney Leslie Turner,-0.6319429485701867,12.769413793103448
CAN,TeamFinal,FX,Colombia,12.633,Sydney Leslie Turner,-0.6319429485701867,12.769413793103448
CAN,qual,FX,Colombia,12.767,Sydney Leslie Turner,-0.6319429485701867,12.769413793103448
CAN,TeamFinal,UB,Colombia,12.367,Sydney Leslie Turner,-0.6319429485701867,12.769413793103448
CAN,qual,UB,Colombia,13.167,Sydney Leslie Turner,-0.6319429485701867,12.769413793103448
CAN,TeamFinal,VT,Colombia,12.833,Sydney Leslie Turner,-0.6319429485701867,12.769413793103448
CAN,qual,VT,Colombia,12.867,Sydney Leslie Turner,-0.6319429485701867,12.769413793103448
JPN,qual,VT,Germany,12.166,Kohane Ushioku,-0.15684354063176276,13.032888888888888
JPN,qual,FX,China,12.866,Kohane Ushioku,-0.9921831589850356,13.032888888888888
JPN,qual,VT,China,13.633,Kohane Ushioku,-0.9921831589850356,13.032888888888888
JPN,qual,VT,China,13.2,Kohane Ushioku,-0.9921831589850356,13.032888888888888
JPN,qual,BB,China,12.433,Kohane Ushioku,-1.2793311527939732,13.032888888888888
JPN,qual,FX,China,13.266,Kohane Ushioku,-1.2793311527939732,13.032888888888888
JPN,qual,UB,China,12.833,Kohane Ushioku,-1.2793311527939732,13.032888888888888
JPN,qual,VT,China,13.633,Kohane Ushioku,-1.2793311527939732,13.032888888888888
JPN,qual,VT,China,13.266,Kohane Ushioku,-1.2793311527939732,13.032888888888888
USA,AAfinal,BB,United States,11.3,Gabriella Van Frayen,-0.15684354063176276,12.116666666666667
USA,AAfinal,FX,United States,12.1,Gabriella Van Frayen,-0.15684354063176276,12.116666666666667
USA,AAfinal,VT,United States,12.95,Gabriella Van Frayen,-0.15684354063176276,12.116666666666667
NED,qual,BB,Germany,10.966,Shade Van Oorschot,0.8664474918509966,12.0205
NED,qual,FX,Germany,12.566,Shade Van Oorschot,0.8664474918509966,12.0205
NED,qual,BB,Germany,12.5,Vera Van Pol,0.8664474918509966,12.767833333333334
NED,TeamFinal,BB,Germany,12.1,Vera Van Pol,0.8664474918509966,12.767833333333334
NED,qual,FX,Germany,12.633,Vera Van Pol,0.8664474918509966,12.767833333333334
NED,TeamFinal,FX,Germany,12.8,Vera Van Pol,0.8664474918509966,12.767833333333334
NED,qual,UB,Germany,12.8,Vera Van Pol,0.8664474918509966,12.767833333333334
NED,qual,VT,Germany,13.566,Vera Van Pol,0.8664474918509966,12.767833333333334
NED,TeamFinal,VT,Germany,13.6,Vera Van Pol,0.8664474918509966,12.767833333333334
NED,qual,BB,Turkey,11.066,Vera Van Pol,-0.4126662987524526,12.767833333333334
NED,qual,FX,Turkey,12.733,Vera Van Pol,-0.4126662987524526,12.767833333333334
NED,qual,UB,Turkey,13.066,Vera Van Pol,-0.4126662987524526,12.767833333333334
NED,qual,VT,Turkey,13.6,Vera Van Pol,-0.4126662987524526,12.767833333333334
NED,qual,BB,Germany,12.65,Vera Van Pol,-0.2664818655406298,12.767833333333334
NED,qual,FX,Germany,11.75,Vera Van Pol,-0.2664818655406298,12.767833333333334
NED,qual,UB,Germany,13.25,Vera Van Pol,-0.2664818655406298,12.767833333333334
NED,qual,VT,Germany,13.25,Vera Van Pol,-0.2664818655406298,12.767833333333334
NED,final,UB,United Kingdom,14.166,Sanna Veerman,0.42789419221552827,12.996242424242423
NED,qual,UB,United Kingdom,14.533,Sanna Veerman,0.42789419221552827,12.996242424242423
NED,qual,BB,Germany,12.433,Sanna Veerman,1.7435540911219332,12.996242424242423
NED,final,BB,Germany,11.466,Sanna Veerman,1.7435540911219332,12.996242424242423
NED,qual,UB,Germany,12.2,Sanna Veerman,1.7435540911219332,12.996242424242423
NED,final,UB,Germany,13.166,Sanna Veerman,1.7435540911219332,12.996242424242423
NED,qual,BB,France,11.65,Sanna Veerman,0.6471708420332624,12.996242424242423
NED,qual,UB,France,12.6,Sanna Veerman,0.6471708420332624,12.996242424242423
NED,qual,UB,Germany,12.8,Sanna Veerman,0.8664474918509966,12.996242424242423
NED,TeamFinal,UB,Germany,13.4,Sanna Veerman,0.8664474918509966,12.996242424242423
NED,qual,VT,Germany,13.2,Sanna Veerman,0.8664474918509966,12.996242424242423
NED,TeamFinal,VT,Germany,13.433,Sanna Veerman,0.8664474918509966,12.996242424242423
NED,qual,FX,Bulgaria,12.5,Sanna Veerman,1.5869279126806943,12.996242424242423
NED,qual,UB,Bulgaria,13.7,Sanna Veerman,1.5869279126806943,12.996242424242423
NED,final,UB,Bulgaria,12.6,Sanna Veerman,1.5869279126806943,12.996242424242423
NED,qual,FX,Belgium,12.333,Sanna Veerman,-1.3263190063263448,12.996242424242423
NED,final,UB,Belgium,14.2,Sanna Veerman,-1.3263190063263448,12.996242424242423
NED,qual,UB,Belgium,14.2,Sanna Veerman,-1.3263190063263448,12.996242424242423
NED,TeamFinal,UB,Belgium,13.833,Sanna Veerman,-1.3263190063263448,12.996242424242423
NED,TeamFinal,VT,Belgium,13.066,Sanna Veerman,-1.3263190063263448,12.996242424242423
NED,qual,VT,Belgium,13.3,Sanna Veerman,-1.3263190063263448,12.996242424242423
NED,qual,BB,Azerbaijan,10.966,Sanna Veerman,-0.22993575723767412,12.996242424242423
NED,qual,FX,Azerbaijan,11.733,Sanna Veerman,-0.22993575723767412,12.996242424242423
NED,final,UB,Azerbaijan,13.766,Sanna Veerman,-0.22993575723767412,12.996242424242423
NED,qual,UB,Azerbaijan,13.7,Sanna Veerman,-0.22993575723767412,12.996242424242423
NED,qual,FX,Turkey,12.133,Sanna Veerman,-0.4126662987524526,12.996242424242423
NED,qual,UB,Turkey,13.1,Sanna Veerman,-0.4126662987524526,12.996242424242423
NED,qual,VT,Turkey,13.066,Sanna Veerman,-0.4126662987524526,12.996242424242423
NED,qual,BB,Germany,12.5,Sanna Veerman,-0.2664818655406298,12.996242424242423
NED,qual,FX,Germany,11.7,Sanna Veerman,-0.2664818655406298,12.996242424242423
NED,final,UB,Germany,14.233,Sanna Veerman,-0.2664818655406298,12.996242424242423
NED,qual,UB,Germany,14.25,Sanna Veerman,-0.2664818655406298,12.996242424242423
NED,qual,VT,Germany,12.95,Sanna Veerman,-0.2664818655406298,12.996242424242423
ITA,qual,BB,United Kingdom,12.3,Giorgia Villa,0.42789419221552827,13.640904761904762
ITA,TeamFinal,BB,United Kingdom,13.733,Giorgia Villa,0.42789419221552827,13.640904761904762
ITA,qual,UB,United Kingdom,14.166,Giorgia Villa,0.42789419221552827,13.640904761904762
ITA,TeamFinal,UB,United Kingdom,14.166,Giorgia Villa,0.42789419221552827,13.640904761904762
ITA,final,BB,Germany,12.166,Giorgia Villa,0.8664474918509966,13.640904761904762
ITA,qual,BB,Germany,13.466,Giorgia Villa,0.8664474918509966,13.640904761904762
ITA,TeamFinal,BB,Germany,13.3,Giorgia Villa,0.8664474918509966,13.640904761904762
ITA,final,UB,Germany,14.1,Giorgia Villa,0.8664474918509966,13.640904761904762
ITA,qual,UB,Germany,14.2,Giorgia Villa,0.8664474918509966,13.640904761904762
ITA,TeamFinal,UB,Germany,14.166,Giorgia Villa,0.8664474918509966,13.640904761904762
ITA,final,BB,Azerbaijan,13.966,Giorgia Villa,-0.22993575723767412,13.640904761904762
ITA,qual,BB,Azerbaijan,13.866,Giorgia Villa,-0.22993575723767412,13.640904761904762
ITA,final,UB,Azerbaijan,14.0,Giorgia Villa,-0.22993575723767412,13.640904761904762
ITA,qual,UB,Azerbaijan,13.9,Giorgia Villa,-0.22993575723767412,13.640904761904762
ITA,final,BB,Egypt,13.6,Giorgia Villa,-0.48575851535836395,13.640904761904762
ITA,qual,BB,Egypt,12.566,Giorgia Villa,-0.48575851535836395,13.640904761904762
ITA,final,UB,Egypt,14.2,Giorgia Villa,-0.48575851535836395,13.640904761904762
ITA,qual,UB,Egypt,14.033,Giorgia Villa,-0.48575851535836395,13.640904761904762
ITA,qual,BB,Turkey,12.333,Giorgia Villa,-0.4126662987524526,13.640904761904762
ITA,final,UB,Turkey,14.066,Giorgia Villa,-0.4126662987524526,13.640904761904762
ITA,qual,UB,Turkey,14.166,Giorgia Villa,-0.4126662987524526,13.640904761904762
NED,AAfinal,BB,United Kingdom,11.866,Naomi Visser,0.42789419221552827,13.204280701754387
NED,qual,BB,United Kingdom,12.733,Naomi Visser,0.42789419221552827,13.204280701754387
NED,AAfinal,FX,United Kingdom,13.766,Naomi Visser,0.42789419221552827,13.204280701754387
NED,final,FX,United Kingdom,13.666,Naomi Visser,0.42789419221552827,13.204280701754387
NED,qual,FX,United Kingdom,13.666,Naomi Visser,0.42789419221552827,13.204280701754387
NED,AAfinal,UB,United Kingdom,12.033,Naomi Visser,0.42789419221552827,13.204280701754387
NED,final,UB,United Kingdom,13.233,Naomi Visser,0.42789419221552827,13.204280701754387
NED,qual,UB,United Kingdom,14.4,Naomi Visser,0.42789419221552827,13.204280701754387
NED,AAfinal,VT,United Kingdom,13.0,Naomi Visser,0.42789419221552827,13.204280701754387
NED,qual,VT,United Kingdom,13.366,Naomi Visser,0.42789419221552827,13.204280701754387
NED,qual,BB,Azerbaijan,12.833,Naomi Visser,1.5608235496071545,13.204280701754387
NED,final,BB,Azerbaijan,11.933,Naomi Visser,1.5608235496071545,13.204280701754387
NED,qual,FX,Azerbaijan,12.533,Naomi Visser,1.5608235496071545,13.204280701754387
NED,final,FX,Azerbaijan,11.433,Naomi Visser,1.5608235496071545,13.204280701754387
NED,qual,UB,Azerbaijan,14.566,Naomi Visser,1.5608235496071545,13.204280701754387
NED,final,UB,Azerbaijan,13.1,Naomi Visser,1.5608235496071545,13.204280701754387
NED,qual,BB,Germany,12.233,Naomi Visser,0.8664474918509966,13.204280701754387
NED,TeamFinal,BB,Germany,12.7,Naomi Visser,0.8664474918509966,13.204280701754387
NED,final,FX,Germany,13.133,Naomi Visser,0.8664474918509966,13.204280701754387
NED,qual,FX,Germany,13.633,Naomi Visser,0.8664474918509966,13.204280701754387
NED,TeamFinal,FX,Germany,13.033,Naomi Visser,0.8664474918509966,13.204280701754387
NED,final,UB,Germany,13.066,Naomi Visser,0.8664474918509966,13.204280701754387
NED,qual,UB,Germany,14.266,Naomi Visser,0.8664474918509966,13.204280701754387
NED,TeamFinal,UB,Germany,14.066,Naomi Visser,0.8664474918509966,13.204280701754387
NED,qual,VT,Germany,13.133,Naomi Visser,0.8664474918509966,13.204280701754387
NED,TeamFinal,VT,Germany,13.3,Naomi Visser,0.8664474918509966,13.204280701754387
NED,AAfinal,BB,Belgium,12.2,Naomi Visser,-1.3263190063263448,13.204280701754387
NED,qual,BB,Belgium,13.2,Naomi Visser,-1.3263190063263448,13.204280701754387
NED,TeamFinal,BB,Belgium,12.966,Naomi Visser,-1.3263190063263448,13.204280701754387
NED,AAfinal,FX,Belgium,13.533,Naomi Visser,-1.3263190063263448,13.204280701754387
NED,final,FX,Belgium,13.3,Naomi Visser,-1.3263190063263448,13.204280701754387
NED,qual,FX,Belgium,13.733,Naomi Visser,-1.3263190063263448,13.204280701754387
NED,TeamFinal,FX,Belgium,12.333,Naomi Visser,-1.3263190063263448,13.204280701754387
NED,AAfinal,UB,Belgium,14.266,Naomi Visser,-1.3263190063263448,13.204280701754387
NED,final,UB,Belgium,14.166,Naomi Visser,-1.3263190063263448,13.204280701754387
NED,qual,UB,Belgium,14.166,Naomi Visser,-1.3263190063263448,13.204280701754387
NED,TeamFinal,UB,Belgium,14.233,Naomi Visser,-1.3263190063263448,13.204280701754387
NED,AAfinal,VT,Belgium,13.133,Naomi Visser,-1.3263190063263448,13.204280701754387
NED,qual,VT,Belgium,13.233,Naomi Visser,-1.3263190063263448,13.204280701754387
NED,qual,BB,Croatia,12.733,Naomi Visser,-0.7050351651760981,13.204280701754387
NED,final,BB,Croatia,12.666,Naomi Visser,-0.7050351651760981,13.204280701754387
NED,final,UB,Croatia,14.333,Naomi Visser,-0.7050351651760981,13.204280701754387
NED,qual,UB,Croatia,14.566,Naomi Visser,-0.7050351651760981,13.204280701754387
NED,AAfinal,BB,Turkey,12.1,Naomi Visser,-0.4126662987524526,13.204280701754387
NED,qual,BB,Turkey,12.766,Naomi Visser,-0.4126662987524526,13.204280701754387
NED,AAfinal,FX,Turkey,13.2,Naomi Visser,-0.4126662987524526,13.204280701754387
NED,final,FX,Turkey,13.466,Naomi Visser,-0.4126662987524526,13.204280701754387
NED,qual,FX,Turkey,13.666,Naomi Visser,-0.4126662987524526,13.204280701754387
NED,AAfinal,UB,Turkey,14.033,Naomi Visser,-0.4126662987524526,13.204280701754387
NED,final,UB,Turkey,11.8,Naomi Visser,-0.4126662987524526,13.204280701754387
NED,qual,UB,Turkey,14.466,Naomi Visser,-0.4126662987524526,13.204280701754387
NED,AAfinal,VT,Turkey,13.266,Naomi Visser,-0.4126662987524526,13.204280701754387
NED,qual,VT,Turkey,13.133,Naomi Visser,-0.4126662987524526,13.204280701754387
NED,final,BB,Bulgaria,12.233,Naomi Visser,-0.6319429485701867,13.204280701754387
NED,qual,BB,Bulgaria,13.066,Naomi Visser,-0.6319429485701867,13.204280701754387
NED,final,UB,Bulgaria,12.666,Naomi Visser,-0.6319429485701867,13.204280701754387
NED,qual,UB,Bulgaria,13.333,Naomi Visser,-0.6319429485701867,13.204280701754387
NED,AAfinal,BB,United Kingdom,12.333,Tisha Manouk Gijs Volleman,0.42789419221552827,12.674999999999999
NED,qual,BB,United Kingdom,12.533,Tisha Manouk Gijs Volleman,0.42789419221552827,12.674999999999999
NED,AAfinal,FX,United Kingdom,12.666,Tisha Manouk Gijs Volleman,0.42789419221552827,12.674999999999999
NED,qual,FX,United Kingdom,13.2,Tisha Manouk Gijs Volleman,0.42789419221552827,12.674999999999999
NED,AAfinal,UB,United Kingdom,13.133,Tisha Manouk Gijs Volleman,0.42789419221552827,12.674999999999999
NED,qual,UB,United Kingdom,13.4,Tisha Manouk Gijs Volleman,0.42789419221552827,12.674999999999999
NED,AAfinal,VT,United Kingdom,13.4,Tisha Manouk Gijs Volleman,0.42789419221552827,12.674999999999999
NED,qual,VT,United Kingdom,13.2,Tisha Manouk Gijs Volleman,0.42789419221552827,12.674999999999999
NED,qual,BB,Germany,11.733,Tisha Manouk Gijs Volleman,1.7435540911219332,12.674999999999999
NED,final,FX,Germany,12.133,Tisha Manouk Gijs Volleman,1.7435540911219332,12.674999999999999
NED,qual,FX,Germany,12.766,Tisha Manouk Gijs Volleman,1.7435540911219332,12.674999999999999
NED,final,UB,Germany,13.333,Tisha Manouk Gijs Volleman,1.7435540911219332,12.674999999999999
NED,qual,UB,Germany,13.066,Tisha Manouk Gijs Volleman,1.7435540911219332,12.674999999999999
NED,qual,BB,France,12.5,Tisha Manouk Gijs Volleman,0.6471708420332624,12.674999999999999
NED,qual,UB,France,12.65,Tisha Manouk Gijs Volleman,0.6471708420332624,12.674999999999999
NED,qual,BB,Germany,11.3,Tisha Manouk Gijs Volleman,0.8664474918509966,12.674999999999999
NED,TeamFinal,BB,Germany,11.666,Tisha Manouk Gijs Volleman,0.8664474918509966,12.674999999999999
NED,qual,FX,Germany,13.0,Tisha Manouk Gijs Volleman,0.8664474918509966,12.674999999999999
NED,TeamFinal,FX,Germany,13.166,Tisha Manouk Gijs Volleman,0.8664474918509966,12.674999999999999
NED,qual,UB,Germany,13.2,Tisha Manouk Gijs Volleman,0.8664474918509966,12.674999999999999
NED,TeamFinal,UB,Germany,13.2,Tisha Manouk Gijs Volleman,0.8664474918509966,12.674999999999999
NED,qual,VT,Germany,12.833,Tisha Manouk Gijs Volleman,0.8664474918509966,12.674999999999999
NED,qual,UB,Bulgaria,11.55,Tisha Manouk Gijs Volleman,1.5869279126806943,12.674999999999999
NED,qual,BB,Germany,12.4,Tisha Manouk Gijs Volleman,-0.15684354063176276,12.674999999999999
NED,final,FX,Germany,12.8,Tisha Manouk Gijs Volleman,-0.15684354063176276,12.674999999999999
NED,qual,FX,Germany,13.133,Tisha Manouk Gijs Volleman,-0.15684354063176276,12.674999999999999
NED,final,UB,Germany,12.9,Tisha Manouk Gijs Volleman,-0.15684354063176276,12.674999999999999
NED,qual,UB,Germany,12.7,Tisha Manouk Gijs Volleman,-0.15684354063176276,12.674999999999999
NED,qual,BB,Germany,12.3,Tisha Manouk Gijs Volleman,-0.2664818655406298,12.674999999999999
NED,final,FX,Germany,12.433,Tisha Manouk Gijs Volleman,-0.2664818655406298,12.674999999999999
NED,qual,FX,Germany,12.65,Tisha Manouk Gijs Volleman,-0.2664818655406298,12.674999999999999
NED,qual,UB,Germany,12.95,Tisha Manouk Gijs Volleman,-0.2664818655406298,12.674999999999999
NED,qual,VT,Germany,13.0,Tisha Manouk Gijs Volleman,-0.2664818655406298,12.674999999999999
NED,qual,BB,China,12.233,Tisha Manouk Gijs Volleman,-0.9921831589850356,12.674999999999999
NED,AAfinal,BB,China,10.466,Tisha Manouk Gijs Volleman,-0.9921831589850356,12.674999999999999
NED,final,FX,China,13.033,Tisha Manouk Gijs Volleman,-0.9921831589850356,12.674999999999999
NED,qual,FX,China,12.433,Tisha Manouk Gijs Volleman,-0.9921831589850356,12.674999999999999
NED,AAfinal,FX,China,13.0,Tisha Manouk Gijs Volleman,-0.9921831589850356,12.674999999999999
NED,final,UB,China,12.7,Tisha Manouk Gijs Volleman,-0.9921831589850356,12.674999999999999
NED,qual,UB,China,13.233,Tisha Manouk Gijs Volleman,-0.9921831589850356,12.674999999999999
NED,AAfinal,UB,China,13.0,Tisha Manouk Gijs Volleman,-0.9921831589850356,12.674999999999999
NED,AAfinal,VT,China,13.0,Tisha Manouk Gijs Volleman,-0.9921831589850356,12.674999999999999
NED,qual,VT,China,12.7,Tisha Manouk Gijs Volleman,-0.9921831589850356,12.674999999999999
USA,AAfinal,BB,United States,11.7,Paityn Walker,1.7435540911219332,12.2375
USA,AAfinal,FX,United States,11.05,Paityn Walker,1.7435540911219332,12.2375
USA,AAfinal,UB,United States,13.55,Paityn Walker,1.7435540911219332,12.2375
USA,AAfinal,VT,United States,12.65,Paityn Walker,1.7435540911219332,12.2375
JPN,final,BB,United Kingdom,13.6,Hazuki Watanabe,0.42789419221552827,12.654900000000001
JPN,qual,BB,United Kingdom,13.6,Hazuki Watanabe,0.42789419221552827,12.654900000000001
JPN,qual,FX,United Kingdom,12.533,Hazuki Watanabe,0.42789419221552827,12.654900000000001
JPN,qual,UB,United Kingdom,13.233,Hazuki Watanabe,0.42789419221552827,12.654900000000001
JPN,TeamFinal,UB,United Kingdom,12.766,Hazuki Watanabe,0.42789419221552827,12.654900000000001
JPN,qual,BB,Qatar,12.467,Hazuki Watanabe,1.16403723088935,12.654900000000001
JPN,qual,BB,Germany,12.3,Hazuki Watanabe,-0.2664818655406298,12.654900000000001
JPN,qual,FX,Germany,11.6,Hazuki Watanabe,-0.2664818655406298,12.654900000000001
JPN,qual,UB,Germany,11.45,Hazuki Watanabe,-0.2664818655406298,12.654900000000001
JPN,qual,VT,Germany,13.0,Hazuki Watanabe,-0.2664818655406298,12.654900000000001
GBR,qual,BB,United Kingdom,9.7,Hannah Wayman,1.5973696579101104,11.1875
GBR,qual,FX,United Kingdom,11.65,Hannah Wayman,1.5973696579101104,11.1875
GBR,qual,UB,United Kingdom,10.7,Hannah Wayman,1.5973696579101104,11.1875
GBR,qual,VT,United Kingdom,12.7,Hannah Wayman,1.5973696579101104,11.1875
CHN,qual,FX,United Kingdom,12.733,Xiaoyuan Wei,0.42789419221552827,13.936777777777777
CHN,final,UB,United Kingdom,14.966,Xiaoyuan Wei,0.42789419221552827,13.936777777777777
CHN,qual,UB,United Kingdom,14.6,Xiaoyuan Wei,0.42789419221552827,13.936777777777777
CHN,TeamFinal,UB,United Kingdom,14.733,Xiaoyuan Wei,0.42789419221552827,13.936777777777777
CHN,qual,VT,United Kingdom,12.9,Xiaoyuan Wei,0.42789419221552827,13.936777777777777
CHN,qual,UB,Qatar,15.0,Xiaoyuan Wei,1.16403723088935,13.936777777777777
CHN,final,UB,Qatar,14.767,Xiaoyuan Wei,1.16403723088935,13.936777777777777
CHN,qual,BB,China,12.566,Xiaoyuan Wei,-0.9921831589850356,13.936777777777777
CHN,qual,UB,China,13.166,Xiaoyuan Wei,-0.9921831589850356,13.936777777777777
NED,final,BB,Belgium,14.1,Sanne Wevers,-1.3263190063263448,13.599799999999998
NED,qual,BB,Belgium,13.733,Sanne Wevers,-1.3263190063263448,13.599799999999998
NED,TeamFinal,BB,Belgium,12.933,Sanne Wevers,-1.3263190063263448,13.599799999999998
NED,final,BB,Turkey,13.8,Sanne Wevers,-0.4126662987524526,13.599799999999998
NED,qual,BB,Turkey,13.433,Sanne Wevers,-0.4126662987524526,13.599799999999998
AUS,qual,FX,Belgium,12.766,Emily Whitehead,-1.3263190063263448,12.3988125
AUS,qual,UB,Belgium,12.8,Emily Whitehead,-1.3263190063263448,12.3988125
AUS,qual,VT,Belgium,12.166,Emily Whitehead,-1.3263190063263448,12.3988125
AUS,AAfinal,BB,United Kingdom,12.4,Emily Whitehead,0.929097963227492,12.3988125
AUS,qual,BB,United Kingdom,11.95,Emily Whitehead,0.929097963227492,12.3988125
AUS,AAfinal,FX,United Kingdom,11.85,Emily Whitehead,0.929097963227492,12.3988125
AUS,final,FX,United Kingdom,13.0,Emily Whitehead,0.929097963227492,12.3988125
AUS,qual,FX,United Kingdom,12.75,Emily Whitehead,0.929097963227492,12.3988125
AUS,AAfinal,UB,United Kingdom,10.95,Emily Whitehead,0.929097963227492,12.3988125
AUS,qual,UB,United Kingdom,12.1,Emily Whitehead,0.929097963227492,12.3988125
AUS,AAfinal,VT,United Kingdom,12.45,Emily Whitehead,0.929097963227492,12.3988125
AUS,qual,VT,United Kingdom,13.4,Emily Whitehead,0.929097963227492,12.3988125
AUS,final,VT,United Kingdom,11.866,Emily Whitehead,0.929097963227492,12.3988125
AUS,qual,VT,United Kingdom,13.4,Emily Whitehead,0.929097963227492,12.3988125
AUS,final,VT,United Kingdom,11.933,Emily Whitehead,0.929097963227492,12.3988125
AUS,qual,VT,United Kingdom,12.6,Emily Whitehead,0.929097963227492,12.3988125
AUS,qual,BB,Germany,11.5,Harriet Wingrove,-0.2664818655406298,12.25
AUS,qual,FX,Germany,12.1,Harriet Wingrove,-0.2664818655406298,12.25
AUS,qual,VT,Germany,13.15,Harriet Wingrove,-0.2664818655406298,12.25
USA,TeamFinal,UB,United Kingdom,13.766,Leanne Wong,0.42789419221552827,13.615057142857143
USA,qual,VT,United Kingdom,13.766,Leanne Wong,0.42789419221552827,13.615057142857143
USA,qual,VT,United Kingdom,13.766,Leanne Wong,0.42789419221552827,13.615057142857143
USA,qual,VT,United Kingdom,13.1,Leanne Wong,0.42789419221552827,13.615057142857143
USA,qual,BB,United States,13.15,Leanne Wong,0.8351222561627488,13.615057142857143
USA,final,BB,United States,13.4,Leanne Wong,0.8351222561627488,13.615057142857143
USA,qual,UB,United States,14.2,Leanne Wong,0.8351222561627488,13.615057142857143
USA,final,UB,United States,14.25,Leanne Wong,0.8351222561627488,13.615057142857143
USA,AAfinal,BB,United States,13.55,Leanne Wong,0.9395397084569079,13.615057142857143
USA,AAfinal,FX,United States,13.6,Leanne Wong,0.9395397084569079,13.615057142857143
USA,AAfinal,UB,United States,12.85,Leanne Wong,0.9395397084569079,13.615057142857143
USA,AAfinal,VT,United States,14.4,Leanne Wong,0.9395397084569079,13.615057142857143
USA,qual,BB,Belgium,13.366,Leanne Wong,-1.3263190063263448,13.615057142857143
USA,TeamFinal,BB,Belgium,11.7,Leanne Wong,-1.3263190063263448,13.615057142857143
USA,qual,FX,Belgium,13.2,Leanne Wong,-1.3263190063263448,13.615057142857143
USA,TeamFinal,FX,Belgium,13.166,Leanne Wong,-1.3263190063263448,13.615057142857143
USA,qual,UB,Belgium,13.666,Leanne Wong,-1.3263190063263448,13.615057142857143
USA,TeamFinal,VT,Belgium,14.066,Leanne Wong,-1.3263190063263448,13.615057142857143
USA,final,VT,Belgium,14.1,Leanne Wong,-1.3263190063263448,13.615057142857143
USA,qual,VT,Belgium,14.166,Leanne Wong,-1.3263190063263448,13.615057142857143
USA,qual,VT,Belgium,14.166,Leanne Wong,-1.3263190063263448,13.615057142857143
USA,final,VT,Belgium,12.833,Leanne Wong,-1.3263190063263448,13.615057142857143
USA,qual,VT,Belgium,13.1,Leanne Wong,-1.3263190063263448,13.615057142857143
USA,AAfinal,BB,United States,12.7,Leanne Wong,-0.9974040315997436,13.615057142857143
USA,AAfinal,FX,United States,13.5,Leanne Wong,-0.9974040315997436,13.615057142857143
USA,AAfinal,UB,United States,13.75,Leanne Wong,-0.9974040315997436,13.615057142857143
USA,AAfinal,VT,United States,14.15,Leanne Wong,-0.9974040315997436,13.615057142857143
USA,qual,BB,United States,13.75,Leanne Wong,-1.1070423565086107,13.615057142857143
USA,final,BB,United States,13.7,Leanne Wong,-1.1070423565086107,13.615057142857143
USA,qual,FX,United States,13.35,Leanne Wong,-1.1070423565086107,13.615057142857143
USA,final,FX,United States,14.0,Leanne Wong,-1.1070423565086107,13.615057142857143
USA,qual,UB,United States,14.0,Leanne Wong,-1.1070423565086107,13.615057142857143
USA,final,UB,United States,14.0,Leanne Wong,-1.1070423565086107,13.615057142857143
USA,qual,VT,United States,14.25,Leanne Wong,-1.1070423565086107,13.615057142857143
USA,final,VT,United States,14.05,Leanne Wong,-1.1070423565086107,13.615057142857143
CAN,qual,BB,Belgium,12.2,Rose Woo,-1.3263190063263448,12.183
CAN,qual,UB,Belgium,12.166,Rose Woo,-1.3263190063263448,12.183
GBR,qual,BB,United Kingdom,9.6,Poppy Woodhead,-0.3030279738435855,10.7
GBR,qual,FX,United Kingdom,10.9,Poppy Woodhead,-0.3030279738435855,10.7
GBR,qual,UB,United Kingdom,9.65,Poppy Woodhead,-0.3030279738435855,10.7
GBR,qual,VT,United Kingdom,12.65,Poppy Woodhead,-0.3030279738435855,10.7
USA,AAfinal,BB,United States,12.75,Kelise Woolford,-0.9974040315997436,12.178125
USA,AAfinal,FX,United States,12.05,Kelise Woolford,-0.9974040315997436,12.178125
USA,AAfinal,UB,United States,13.3,Kelise Woolford,-0.9974040315997436,12.178125
USA,AAfinal,VT,United States,13.0,Kelise Woolford,-0.9974040315997436,12.178125
USA,qual,BB,United States,11.8,Kelise Woolford,-1.1070423565086107,12.178125
USA,final,BB,United States,11.7,Kelise Woolford,-1.1070423565086107,12.178125
USA,qual,FX,United States,12.15,Kelise Woolford,-1.1070423565086107,12.178125
USA,final,FX,United States,12.15,Kelise Woolford,-1.1070423565086107,12.178125
USA,qual,UB,United States,12.35,Kelise Woolford,-1.1070423565086107,12.178125
USA,final,UB,United States,12.0,Kelise Woolford,-1.1070423565086107,12.178125
USA,qual,VT,United States,12.45,Kelise Woolford,-1.1070423565086107,12.178125
USA,final,VT,United States,12.35,Kelise Woolford,-1.1070423565086107,12.178125
USA,AAfinal,BB,United States,11.55,Kelise Woolford,-0.15684354063176276,12.178125
USA,AAfinal,FX,United States,10.95,Kelise Woolford,-0.15684354063176276,12.178125
USA,AAfinal,UB,United States,11.5,Kelise Woolford,-0.15684354063176276,12.178125
USA,AAfinal,VT,United States,12.8,Kelise Woolford,-0.15684354063176276,12.178125
GBR,qual,BB,United Kingdom,10.85,Jessica Wright,1.5973696579101104,10.483333333333333
GBR,qual,FX,United Kingdom,11.6,Jessica Wright,1.5973696579101104,10.483333333333333
GBR,qual,UB,United Kingdom,9.0,Jessica Wright,1.5973696579101104,10.483333333333333
GBR,final,BB,United Kingdom,12.95,Tilly Wright,-0.3030279738435855,12.4
GBR,qual,BB,United Kingdom,12.4,Tilly Wright,-0.3030279738435855,12.4
GBR,qual,FX,United Kingdom,12.25,Tilly Wright,-0.3030279738435855,12.4
GBR,qual,UB,United Kingdom,11.9,Tilly Wright,-0.3030279738435855,12.4
GBR,qual,VT,United Kingdom,12.5,Tilly Wright,-0.3030279738435855,12.4
CHN,qual,BB,Qatar,14.633,Ran Wu,1.16403723088935,14.159799999999999
CHN,final,BB,Qatar,14.633,Ran Wu,1.16403723088935,14.159799999999999
CHN,qual,FX,Qatar,13.833,Ran Wu,1.16403723088935,14.159799999999999
CHN,final,FX,Qatar,13.7,Ran Wu,1.16403723088935,14.159799999999999
CHN,qual,UB,Qatar,14.0,Ran Wu,1.16403723088935,14.159799999999999
JPN,AAfinal,BB,United Kingdom,12.233,Chiharu Yamada,0.42789419221552827,12.917333333333334
JPN,qual,BB,United Kingdom,12.466,Chiharu Yamada,0.42789419221552827,12.917333333333334
JPN,TeamFinal,BB,United Kingdom,12.766,Chiharu Yamada,0.42789419221552827,12.917333333333334
JPN,AAfinal,FX,United Kingdom,13.1,Chiharu Yamada,0.42789419221552827,12.917333333333334
JPN,qual,FX,United Kingdom,13.1,Chiharu Yamada,0.42789419221552827,12.917333333333334
JPN,TeamFinal,FX,United Kingdom,13.033,Chiharu Yamada,0.42789419221552827,12.917333333333334
JPN,AAfinal,UB,United Kingdom,13.466,Chiharu Yamada,0.42789419221552827,12.917333333333334
JPN,qual,UB,United Kingdom,13.666,Chiharu Yamada,0.42789419221552827,12.917333333333334
JPN,TeamFinal,UB,United Kingdom,13.666,Chiharu Yamada,0.42789419221552827,12.917333333333334
JPN,AAfinal,VT,United Kingdom,13.166,Chiharu Yamada,0.42789419221552827,12.917333333333334
JPN,qual,VT,United Kingdom,13.233,Chiharu Yamada,0.42789419221552827,12.917333333333334
JPN,qual,BB,Qatar,12.167,Chiharu Yamada,1.16403723088935,12.917333333333334
JPN,qual,FX,Qatar,12.233,Chiharu Yamada,1.16403723088935,12.917333333333334
JPN,final,UB,Qatar,12.067,Chiharu Yamada,1.16403723088935,12.917333333333334
JPN,qual,UB,Qatar,13.9,Chiharu Yamada,1.16403723088935,12.917333333333334
JPN,qual,BB,Germany,13.0,Chiharu Yamada,-0.2664818655406298,12.917333333333334
JPN,qual,FX,Germany,11.65,Chiharu Yamada,-0.2664818655406298,12.917333333333334
JPN,qual,UB,Germany,13.6,Chiharu Yamada,-0.2664818655406298,12.917333333333334
JPN,qual,BB,Germany,13.1,Nanami Yamamoto,-0.2664818655406298,12.925
JPN,qual,FX,Germany,11.9,Nanami Yamamoto,-0.2664818655406298,12.925
JPN,qual,UB,Germany,13.35,Nanami Yamamoto,-0.2664818655406298,12.925
JPN,qual,VT,Germany,13.35,Nanami Yamamoto,-0.2664818655406298,12.925
KOR,qual,BB,United Kingdom,12.466,Seojeong Yeo,0.42789419221552827,13.605925925925927
KOR,qual,FX,United Kingdom,12.633,Seojeong Yeo,0.42789419221552827,13.605925925925927
KOR,final,VT,United Kingdom,12.666,Seojeong Yeo,0.42789419221552827,13.605925925925927
KOR,qual,VT,United Kingdom,14.366,Seojeong Yeo,0.42789419221552827,13.605925925925927
KOR,qual,VT,United Kingdom,14.366,Seojeong Yeo,0.42789419221552827,13.605925925925927
KOR,final,VT,United Kingdom,14.033,Seojeong Yeo,0.42789419221552827,13.605925925925927
KOR,qual,VT,United Kingdom,14.133,Seojeong Yeo,0.42789419221552827,13.605925925925927
KOR,qual,BB,Qatar,12.433,Seojeong Yeo,1.16403723088935,13.605925925925927
KOR,final,FX,Qatar,13.1,Seojeong Yeo,1.16403723088935,13.605925925925927
KOR,qual,FX,Qatar,13.167,Seojeong Yeo,1.16403723088935,13.605925925925927
KOR,qual,UB,Qatar,12.5,Seojeong Yeo,1.16403723088935,13.605925925925927
KOR,final,VT,Qatar,14.3,Seojeong Yeo,1.16403723088935,13.605925925925927
KOR,qual,VT,Qatar,14.033,Seojeong Yeo,1.16403723088935,13.605925925925927
KOR,qual,VT,Qatar,13.867,Seojeong Yeo,1.16403723088935,13.605925925925927
KOR,final,VT,Qatar,13.867,Seojeong Yeo,1.16403723088935,13.605925925925927
KOR,qual,BB,Singapore,12.766,Seojeong Yeo,-0.7415812734790538,13.605925925925927
KOR,qual,FX,Singapore,13.033,Seojeong Yeo,-0.7415812734790538,13.605925925925927
KOR,final,VT,Singapore,14.433,Seojeong Yeo,-0.7415812734790538,13.605925925925927
KOR,qual,VT,Singapore,13.9,Seojeong Yeo,-0.7415812734790538,13.605925925925927
KOR,final,VT,Singapore,14.2,Seojeong Yeo,-0.7415812734790538,13.605925925925927
KOR,qual,VT,Singapore,13.466,Seojeong Yeo,-0.7415812734790538,13.605925925925927
KOR,qual,BB,Belgium,13.066,Seojeong Yeo,-1.3263190063263448,13.605925925925927
KOR,qual,FX,Belgium,12.7,Seojeong Yeo,-1.3263190063263448,13.605925925925927
KOR,final,VT,Belgium,14.6,Seojeong Yeo,-1.3263190063263448,13.605925925925927
KOR,qual,VT,Belgium,14.733,Seojeong Yeo,-1.3263190063263448,13.605925925925927
KOR,final,VT,Belgium,14.233,Seojeong Yeo,-1.3263190063263448,13.605925925925927
KOR,qual,VT,Belgium,14.3,Seojeong Yeo,-1.3263190063263448,13.605925925925927
CHN,final,VT,Azerbaijan,13.766,Linmin Yu,-0.22993575723767412,13.206399999999999
CHN,qual,VT,Azerbaijan,13.433,Linmin Yu,-0.22993575723767412,13.206399999999999
CHN,final,VT,Azerbaijan,13.0,Linmin Yu,-0.22993575723767412,13.206399999999999
CHN,qual,VT,Azerbaijan,12.9,Linmin Yu,-0.22993575723767412,13.206399999999999
CHN,qual,VT,Qatar,13.0,Linmin Yu,-0.18816877632001047,13.206399999999999
CHN,qual,VT,Qatar,12.133,Linmin Yu,-0.18816877632001047,13.206399999999999
CHN,final,VT,China,14.0,Linmin Yu,-1.2793311527939732,13.206399999999999
CHN,qual,VT,China,14.033,Linmin Yu,-1.2793311527939732,13.206399999999999
CHN,final,VT,China,13.066,Linmin Yu,-1.2793311527939732,13.206399999999999
CHN,qual,VT,China,12.733,Linmin Yu,-1.2793311527939732,13.206399999999999
KOR,qual,BB,China,10.466,Boeun Yun,-0.9921831589850356,11.699666666666667
KOR,AAfinal,BB,China,10.9,Boeun Yun,-0.9921831589850356,11.699666666666667
KOR,qual,FX,China,11.7,Boeun Yun,-0.9921831589850356,11.699666666666667
KOR,AAfinal,FX,China,11.6,Boeun Yun,-0.9921831589850356,11.699666666666667
KOR,qual,UB,China,12.3,Boeun Yun,-0.9921831589850356,11.699666666666667
KOR,AAfinal,UB,China,11.833,Boeun Yun,-0.9921831589850356,11.699666666666667
KOR,AAfinal,VT,China,12.833,Boeun Yun,-0.9921831589850356,11.699666666666667
KOR,qual,VT,China,13.033,Boeun Yun,-0.9921831589850356,11.699666666666667
KOR,qual,BB,China,10.566,Boeun Yun,-1.2793311527939732,11.699666666666667
KOR,qual,FX,China,10.933,Boeun Yun,-1.2793311527939732,11.699666666666667
KOR,final,UB,China,12.166,Boeun Yun,-1.2793311527939732,11.699666666666667
KOR,qual,UB,China,12.066,Boeun Yun,-1.2793311527939732,11.699666666666667
USA,qual,BB,United States,12.35,Lexi Zeiss,0.8351222561627488,13.236363636363636
USA,final,BB,United States,13.05,Lexi Zeiss,0.8351222561627488,13.236363636363636
USA,qual,FX,United States,13.1,Lexi Zeiss,0.8351222561627488,13.236363636363636
USA,final,FX,United States,13.15,Lexi Zeiss,0.8351222561627488,13.236363636363636
USA,qual,UB,United States,13.9,Lexi Zeiss,0.8351222561627488,13.236363636363636
USA,final,UB,United States,13.8,Lexi Zeiss,0.8351222561627488,13.236363636363636
USA,qual,VT,United States,13.4,Lexi Zeiss,0.8351222561627488,13.236363636363636
USA,final,VT,United States,13.75,Lexi Zeiss,0.8351222561627488,13.236363636363636
USA,AAfinal,BB,United States,11.35,Lexi Zeiss,1.7435540911219332,13.236363636363636
USA,AAfinal,FX,United States,13.0,Lexi Zeiss,1.7435540911219332,13.236363636363636
USA,AAfinal,UB,United States,11.85,Lexi Zeiss,1.7435540911219332,13.236363636363636
USA,AAfinal,VT,United States,14.05,Lexi Zeiss,1.7435540911219332,13.236363636363636
USA,AAfinal,UB,United States,13.35,Lexi Zeiss,-0.9974040315997436,13.236363636363636
USA,AAfinal,VT,United States,13.3,Lexi Zeiss,-0.9974040315997436,13.236363636363636
USA,qual,UB,United States,13.7,Lexi Zeiss,-1.1070423565086107,13.236363636363636
USA,final,UB,United States,13.75,Lexi Zeiss,-1.1070423565086107,13.236363636363636
USA,qual,VT,United States,13.45,Lexi Zeiss,-1.1070423565086107,13.236363636363636
USA,final,VT,United States,13.7,Lexi Zeiss,-1.1070423565086107,13.236363636363636
USA,AAfinal,BB,United States,13.1,Lexi Zeiss,-0.15684354063176276,13.236363636363636
USA,AAfinal,FX,United States,13.15,Lexi Zeiss,-0.15684354063176276,13.236363636363636
USA,AAfinal,UB,United States,13.5,Lexi Zeiss,-0.15684354063176276,13.236363636363636
USA,AAfinal,VT,United States,13.45,Lexi Zeiss,-0.15684354063176276,13.236363636363636
CHN,qual,BB,United Kingdom,12.833,Jin Zhang,0.42789419221552827,13.20986956521739
CHN,qual,FX,United Kingdom,12.366,Jin Zhang,0.42789419221552827,13.20986956521739
CHN,TeamFinal,FX,United Kingdom,12.866,Jin Zhang,0.42789419221552827,13.20986956521739
CHN,TeamFinal,VT,United Kingdom,13.933,Jin Zhang,0.42789419221552827,13.20986956521739
CHN,qual,VT,United Kingdom,13.833,Jin Zhang,0.42789419221552827,13.20986956521739
CHN,final,BB,Qatar,13.7,Jin Zhang,1.16403723088935,13.20986956521739
CHN,qual,BB,Qatar,14.2,Jin Zhang,1.16403723088935,13.20986956521739
CHN,qual,FX,Qatar,13.7,Jin Zhang,1.16403723088935,13.20986956521739
CHN,final,FX,Qatar,13.0,Jin Zhang,1.16403723088935,13.20986956521739
CHN,qual,UB,Qatar,13.8,Jin Zhang,1.16403723088935,13.20986956521739
CHN,qual,BB,China,13.332999999999998,Jin Zhang,-0.9921831589850356,13.20986956521739
CHN,final,FX,China,12.366,Jin Zhang,-0.9921831589850356,13.20986956521739
CHN,qual,FX,China,13.266,Jin Zhang,-0.9921831589850356,13.20986956521739
CHN,qual,VT,China,13.0,Jin Zhang,-0.9921831589850356,13.20986956521739
CHN,final,BB,China,13.266,Jin Zhang,-1.2793311527939732,13.20986956521739
CHN,qual,BB,China,13.6,Jin Zhang,-1.2793311527939732,13.20986956521739
CHN,AAfinal,BB,China,13.9,Jin Zhang,-1.2793311527939732,13.20986956521739
CHN,final,FX,China,13.1,Jin Zhang,-1.2793311527939732,13.20986956521739
CHN,qual,FX,China,13.233,Jin Zhang,-1.2793311527939732,13.20986956521739
CHN,AAfinal,FX,China,13.866,Jin Zhang,-1.2793311527939732,13.20986956521739
CHN,qual,UB,China,13.533,Jin Zhang,-1.2793311527939732,13.20986956521739
CHN,AAfinal,UB,China,10.1,Jin Zhang,-1.2793311527939732,13.20986956521739
CHN,AAfinal,VT,China,13.033,Jin Zhang,-1.2793311527939732,13.20986956521739
CHN,qual,BB,Singapore,14.833,Qingying Zhang,-0.7415812734790538,13.210733333333334
CHN,final,BB,Singapore,14.2,Qingying Zhang,-0.7415812734790538,13.210733333333334
CHN,qual,FX,Singapore,13.533,Qingying Zhang,-0.7415812734790538,13.210733333333334
CHN,final,FX,Singapore,13.233,Qingying Zhang,-0.7415812734790538,13.210733333333334
CHN,qual,UB,Singapore,12.433,Qingying Zhang,-0.7415812734790538,13.210733333333334
CHN,final,VT,Singapore,13.133,Qingying Zhang,-0.7415812734790538,13.210733333333334
CHN,qual,VT,Singapore,13.166,Qingying Zhang,-0.7415812734790538,13.210733333333334
CHN,final,VT,Singapore,12.733,Qingying Zhang,-0.7415812734790538,13.210733333333334
CHN,qual,VT,Singapore,12.933,Qingying Zhang,-0.7415812734790538,13.210733333333334
CHN,final,BB,Belgium,13.1,Qingying Zhang,-1.3263190063263448,13.210733333333334
CHN,qual,BB,Belgium,14.1,Qingying Zhang,-1.3263190063263448,13.210733333333334
CHN,TeamFinal,BB,Belgium,13.266,Qingying Zhang,-1.3263190063263448,13.210733333333334
CHN,qual,UB,Belgium,11.066,Qingying Zhang,-1.3263190063263448,13.210733333333334
CHN,TeamFinal,VT,Belgium,13.166,Qingying Zhang,-1.3263190063263448,13.210733333333334
CHN,qual,VT,Belgium,13.266,Qingying Zhang,-1.3263190063263448,13.210733333333334
CHN,final,BB,Singapore,13.133,Xinyi Zhang,-0.7415812734790538,12.966375
CHN,qual,BB,Singapore,13.866,Xinyi Zhang,-0.7415812734790538,12.966375
CHN,qual,FX,Singapore,12.133,Xinyi Zhang,-0.7415812734790538,12.966375
CHN,qual,UB,Singapore,13.633,Xinyi Zhang,-0.7415812734790538,12.966375
CHN,qual,BB,China,12.5,Xinyi Zhang,-1.2793311527939732,12.966375
CHN,final,FX,China,11.733,Xinyi Zhang,-1.2793311527939732,12.966375
CHN,qual,FX,China,13.2,Xinyi Zhang,-1.2793311527939732,12.966375
CHN,qual,UB,China,13.533,Xinyi Zhang,-1.2793311527939732,12.966375
USA,AAfinal,BB,United States,12.85,Alicia Zhou,-0.9974040315997436,13.0125
USA,AAfinal,FX,United States,13.0,Alicia Zhou,-0.9974040315997436,13.0125
USA,AAfinal,UB,United States,13.75,Alicia Zhou,-0.9974040315997436,13.0125
USA,AAfinal,VT,United States,13.15,Alicia Zhou,-0.9974040315997436,13.0125
USA,qual,BB,United States,12.6,Alicia Zhou,-1.1070423565086107,13.0125
USA,final,BB,United States,12.85,Alicia Zhou,-1.1070423565086107,13.0125
USA,qual,FX,United States,12.7,Alicia Zhou,-1.1070423565086107,13.0125
USA,final,FX,United States,12.9,Alicia Zhou,-1.1070423565086107,13.0125
USA,qual,UB,United States,13.8,Alicia Zhou,-1.1070423565086107,13.0125
USA,final,UB,United States,13.6,Alicia Zhou,-1.1070423565086107,13.0125
USA,qual,VT,United States,13.2,Alicia Zhou,-1.1070423565086107,13.0125
USA,final,VT,United States,13.4,Alicia Zhou,-1.1070423565086107,13.0125
USA,AAfinal,BB,United States,12.1,Alicia Zhou,-0.15684354063176276,13.0125
USA,AAfinal,FX,United States,12.55,Alicia Zhou,-0.15684354063176276,13.0125
USA,AAfinal,UB,United States,12.85,Alicia Zhou,-0.15684354063176276,13.0125
USA,AAfinal,VT,United States,12.9,Alicia Zhou,-0.15684354063176276,13.0125
CHN,final,BB,Belgium,14.7,Yaqin Zhou,-1.3263190063263448,13.79975
CHN,qual,BB,Belgium,14.5,Yaqin Zhou,-1.3263190063263448,13.79975
CHN,TeamFinal,BB,Belgium,14.533,Yaqin Zhou,-1.3263190063263448,13.79975
CHN,final,FX,Belgium,13.3,Yaqin Zhou,-1.3263190063263448,13.79975
CHN,qual,FX,Belgium,13.766,Yaqin Zhou,-1.3263190063263448,13.79975
CHN,TeamFinal,FX,Belgium,13.833,Yaqin Zhou,-1.3263190063263448,13.79975
CHN,TeamFinal,VT,Belgium,12.833,Yaqin Zhou,-1.3263190063263448,13.79975
CHN,qual,VT,Belgium,12.933,Yaqin Zhou,-1.3263190063263448,13.79975
CAN,TeamFinal,FX,Colombia,12.333,Evandra Zlobec,-0.6319429485701867,12.1125
CAN,qual,FX,Colombia,12.967,Evandra Zlobec,-0.6319429485701867,12.1125
CAN,qual,UB,Colombia,12.667,Evandra Zlobec,-0.6319429485701867,12.1125
CAN,TeamFinal,VT,Colombia,12.433,Evandra Zlobec,-0.6319429485701867,12.1125
CAN,qual,BB,Germany,11.2,Evandra Zlobec,-0.2664818655406298,12.1125
CAN,qual,FX,Germany,12.65,Evandra Zlobec,-0.2664818655406298,12.1125
CAN,qual,UB,Germany,11.2,Evandra Zlobec,-0.2664818655406298,12.1125
CAN,qual,VT,Germany,11.45,Evandra Zlobec,-0.2664818655406298,12.1125
CAN,qual,UB,United Kingdom,10.55,Maya Zonneveld,0.929097963227492,10.55
CHN,qual,BB,Singapore,13.3,Tong Zuo,-0.7415812734790538,13.466272727272726
CHN,final,UB,Singapore,13.9,Tong Zuo,-0.7415812734790538,13.466272727272726
CHN,qual,UB,Singapore,13.666,Tong Zuo,-0.7415812734790538,13.466272727272726
CHN,qual,BB,China,12.733,Tong Zuo,-1.2793311527939732,13.466272727272726
CHN,AAfinal,BB,China,13.833,Tong Zuo,-1.2793311527939732,13.466272727272726
CHN,qual,FX,China,13.166,Tong Zuo,-1.2793311527939732,13.466272727272726
CHN,AAfinal,FX,China,13.166,Tong Zuo,-1.2793311527939732,13.466272727272726
CHN,final,UB,China,13.866,Tong Zuo,-1.2793311527939732,13.466272727272726
CHN,qual,UB,China,13.933,Tong Zuo,-1.2793311527939732,13.466272727272726
CHN,AAfinal,UB,China,13.733,Tong Zuo,-1.2793311527939732,13.466272727272726
CHN,AAfinal,VT,China,12.833,Tong Zuo,-1.2793311527939732,13.466272727272726
